mode,ingredients,actual_value,alchemy_level,fortify_alchemy_level,alchemist_rank,physician,benefactor,poisoner,purity,seeker_of_shadows,concentrated_poison,caco_settings,alchemy_plus_settings,alchemist_perk_multiplier,ingredient_details,potion_form_id,potion_cost_override,crafted_effects,ingredient_selection_order
AP,"Bear Claws, Bee",27,100,0,0,0,0,0,0,0,0,"{""AlchemyIngredientInitMultiplier"":""4"",""AlchemySkillFactor"":""1.5"",""AlchemyXPMultiplier"":""1"",""DamageHealthDuration"":""0"",""DamageMagickaDuration"":""0"",""DamageStaminaDuration"":""0"",""DisableAllPotionHandling"":""0"",""ImpurePotionProcessing"":""0"",""RestoreEffectsDoNotStack"":""0"",""RestoreHealthDuration"":""0"",""RestoreMagickaDuration"":""0"",""RestoreStaminaDuration"":""0""}","{""copyExemplars"":{""$comment"":""Swap models and names of crafted potions to the nearest exemplar."",""enabled"":true,""exemplars"":[""Skyrim.esm|E3E9A"",""Skyrim.esm|65A72"",""Skyrim.esm|65A3E"",""Skyrim.esm|65A3F"",""Skyrim.esm|65A5A"",""Skyrim.esm|74A29"",""Skyrim.esm|74A23"",""Skyrim.esm|74A2D"",""Skyrim.esm|74A27"",""Skyrim.esm|74A21""]},""impureCostFix"":{""$comment"":""Impurities in mixtures subtract from the cost instead of adding to it."",""enabled"":false},""knownFailureFix"":{""$comment"":""Display known failures in UI between ingredients with all effects known."",""enabled"":true},""mixtureNames"":{""$comment"":""Modify names to reflect additional effects/impurities."",""enabled"":true},""roundedPotency"":{""$comment"":""Round effect potency to a multiple above a threshold."",""durationMult"":2.0,""durationThreshold"":10.0,""enabled"":true,""magnitudeMult"":2.0,""magnitudeThreshold"":10.0,""overrides"":{""$comment"":""Define setting overrides per alchemy effect."",""Skyrim.esm|0x0003EB15"":{""magnitudeMult"":10.0,""magnitudeThreshold"":50.0},""Skyrim.esm|0x0003EB3D"":{""durationMult"":10.0,""durationThreshold"":20.0}}}}",1,"Bear Claws [form=0x0006BC02, count=1]; Bee [form=0x000A9195, count=1]",0xFF00089E,0,index=0|form_id=0x0003EB16|magnitude=32|duration=0|area=0|base_cost=0.600000024|flags=0x00200A00,selection=1|form_id=0x0006BC02|name=B;selection=2|form_id=0x000A9195|name=B
AP,"Berit's Ashes, Bone Meal",251,100,0,0,0,0,0,0,0,0,"{""AlchemyIngredientInitMultiplier"":""4"",""AlchemySkillFactor"":""1.5"",""AlchemyXPMultiplier"":""1"",""DamageHealthDuration"":""0"",""DamageMagickaDuration"":""0"",""DamageStaminaDuration"":""0"",""DisableAllPotionHandling"":""0"",""ImpurePotionProcessing"":""0"",""RestoreEffectsDoNotStack"":""0"",""RestoreHealthDuration"":""0"",""RestoreMagickaDuration"":""0"",""RestoreStaminaDuration"":""0""}","{""copyExemplars"":{""$comment"":""Swap models and names of crafted potions to the nearest exemplar."",""enabled"":true,""exemplars"":[""Skyrim.esm|E3E9A"",""Skyrim.esm|65A72"",""Skyrim.esm|65A3E"",""Skyrim.esm|65A3F"",""Skyrim.esm|65A5A"",""Skyrim.esm|74A29"",""Skyrim.esm|74A23"",""Skyrim.esm|74A2D"",""Skyrim.esm|74A27"",""Skyrim.esm|74A21""]},""impureCostFix"":{""$comment"":""Impurities in mixtures subtract from the cost instead of adding to it."",""enabled"":false},""knownFailureFix"":{""$comment"":""Display known failures in UI between ingredients with all effects known."",""enabled"":true},""mixtureNames"":{""$comment"":""Modify names to reflect additional effects/impurities."",""enabled"":true},""roundedPotency"":{""$comment"":""Round effect potency to a multiple above a threshold."",""durationMult"":2.0,""durationThreshold"":10.0,""enabled"":true,""magnitudeMult"":2.0,""magnitudeThreshold"":10.0,""overrides"":{""$comment"":""Define setting overrides per alchemy effect."",""Skyrim.esm|0x0003EB15"":{""magnitudeMult"":10.0,""magnitudeThreshold"":50.0},""Skyrim.esm|0x0003EB3D"":{""durationMult"":10.0,""durationThreshold"":20.0}}}}",1,"Berit's Ashes [form=0x000705B7, count=1]; Bone Meal [form=0x00034CDD, count=1]",0xFF00089F,0,index=0|form_id=0x0003EAEA|magnitude=20|duration=60|area=0|base_cost=0.5|flags=0x00201002;index=1|form_id=0x0003EB25|magnitude=32|duration=60|area=0|base_cost=0.25|flags=0x00200802;index=2|form_id=0x0003A2C6|magnitude=20|duration=0|area=0|base_cost=1.79999995|flags=0x00200805;index=3|form_id=0x00073F23|magnitude=12|duration=10|area=0|base_cost=1.60000002|flags=0x00200807,selection=1|form_id=0x000705B7|name=B;selection=2|form_id=0x00034CDD|name=B
AP,"Luna Moth Wing, Vampire Dust",525,100,0,0,0,0,0,0,0,0,"{""AlchemyIngredientInitMultiplier"":""4"",""AlchemySkillFactor"":""1.5"",""AlchemyXPMultiplier"":""1"",""DamageHealthDuration"":""0"",""DamageMagickaDuration"":""0"",""DamageStaminaDuration"":""0"",""DisableAllPotionHandling"":""0"",""ImpurePotionProcessing"":""0"",""RestoreEffectsDoNotStack"":""0"",""RestoreHealthDuration"":""0"",""RestoreMagickaDuration"":""0"",""RestoreStaminaDuration"":""0""}","{""copyExemplars"":{""$comment"":""Swap models and names of crafted potions to the nearest exemplar."",""enabled"":true,""exemplars"":[""Skyrim.esm|E3E9A"",""Skyrim.esm|65A72"",""Skyrim.esm|65A3E"",""Skyrim.esm|65A3F"",""Skyrim.esm|65A5A"",""Skyrim.esm|74A29"",""Skyrim.esm|74A23"",""Skyrim.esm|74A2D"",""Skyrim.esm|74A27"",""Skyrim.esm|74A21""]},""impureCostFix"":{""$comment"":""Impurities in mixtures subtract from the cost instead of adding to it."",""enabled"":false},""knownFailureFix"":{""$comment"":""Display known failures in UI between ingredients with all effects known."",""enabled"":true},""mixtureNames"":{""$comment"":""Modify names to reflect additional effects/impurities."",""enabled"":true},""roundedPotency"":{""$comment"":""Round effect potency to a multiple above a threshold."",""durationMult"":2.0,""durationThreshold"":10.0,""enabled"":true,""magnitudeMult"":2.0,""magnitudeThreshold"":10.0,""overrides"":{""$comment"":""Define setting overrides per alchemy effect."",""Skyrim.esm|0x0003EB15"":{""magnitudeMult"":10.0,""magnitudeThreshold"":50.0},""Skyrim.esm|0x0003EB3D"":{""durationMult"":10.0,""durationThreshold"":20.0}}}}",1,"Luna Moth Wing [form=0x000727DF, count=1]; Vampire Dust [form=0x0003AD76, count=1]",0xFF0008AC,0,index=0|form_id=0x0003EB3D|magnitude=0|duration=30|area=0|base_cost=100|flags=0x00401C02;index=1|form_id=0x0003EB06|magnitude=32|duration=300|area=0|base_cost=0.100000001|flags=0x00200802,selection=1|form_id=0x000727DF|name=L;selection=2|form_id=0x0003AD76|name=V
AP,"Blisterwort, Wheat",21,100,0,0,0,0,0,0,0,0,"{""AlchemyIngredientInitMultiplier"":""4"",""AlchemySkillFactor"":""1.5"",""AlchemyXPMultiplier"":""1"",""DamageHealthDuration"":""0"",""DamageMagickaDuration"":""0"",""DamageStaminaDuration"":""0"",""DisableAllPotionHandling"":""0"",""ImpurePotionProcessing"":""0"",""RestoreEffectsDoNotStack"":""0"",""RestoreHealthDuration"":""0"",""RestoreMagickaDuration"":""0"",""RestoreStaminaDuration"":""0""}","{""copyExemplars"":{""$comment"":""Swap models and names of crafted potions to the nearest exemplar."",""enabled"":true,""exemplars"":[""Skyrim.esm|E3E9A"",""Skyrim.esm|65A72"",""Skyrim.esm|65A3E"",""Skyrim.esm|65A3F"",""Skyrim.esm|65A5A"",""Skyrim.esm|74A29"",""Skyrim.esm|74A23"",""Skyrim.esm|74A2D"",""Skyrim.esm|74A27"",""Skyrim.esm|74A21""]},""impureCostFix"":{""$comment"":""Impurities in mixtures subtract from the cost instead of adding to it."",""enabled"":false},""knownFailureFix"":{""$comment"":""Display known failures in UI between ingredients with all effects known."",""enabled"":true},""mixtureNames"":{""$comment"":""Modify names to reflect additional effects/impurities."",""enabled"":true},""roundedPotency"":{""$comment"":""Round effect potency to a multiple above a threshold."",""durationMult"":2.0,""durationThreshold"":10.0,""enabled"":true,""magnitudeMult"":2.0,""magnitudeThreshold"":10.0,""overrides"":{""$comment"":""Define setting overrides per alchemy effect."",""Skyrim.esm|0x0003EB15"":{""magnitudeMult"":10.0,""magnitudeThreshold"":50.0},""Skyrim.esm|0x0003EB3D"":{""durationMult"":10.0,""durationThreshold"":20.0}}}}",1,"Blisterwort [form=0x0004DA25, count=1]; Wheat [form=0x0004B0BA, count=1]",0xFF0008AD,0,index=0|form_id=0x0003EB15|magnitude=30|duration=0|area=0|base_cost=0.5|flags=0x00200A00,selection=1|form_id=0x0004DA25|name=B;selection=2|form_id=0x0004B0BA|name=W
AP,"Briar Heart, Canis Root",611,51,0,3,0,0,0,0,0,0,"{""AlchemyIngredientInitMultiplier"":""5"",""AlchemySkillFactor"":""2"",""AlchemyXPMultiplier"":""1"",""DamageHealthDuration"":""0"",""DamageMagickaDuration"":""0"",""DamageStaminaDuration"":""0"",""DisableAllPotionHandling"":""0"",""ImpurePotionProcessing"":""0"",""RestoreEffectsDoNotStack"":""0"",""RestoreHealthDuration"":""0"",""RestoreMagickaDuration"":""0"",""RestoreStaminaDuration"":""0""}","{""copyExemplars"":{""$comment"":""Swap models and names of crafted potions to the nearest exemplar."",""enabled"":true,""exemplars"":[""Skyrim.esm|E3E9A"",""Skyrim.esm|65A72"",""Skyrim.esm|65A3E"",""Skyrim.esm|65A3F"",""Skyrim.esm|65A5A"",""Skyrim.esm|74A29"",""Skyrim.esm|74A23"",""Skyrim.esm|74A2D"",""Skyrim.esm|74A27"",""Skyrim.esm|74A21""]},""impureCostFix"":{""$comment"":""Impurities in mixtures subtract from the cost instead of adding to it."",""enabled"":false},""knownFailureFix"":{""$comment"":""Display known failures in UI between ingredients with all effects known."",""enabled"":true},""mixtureNames"":{""$comment"":""Modify names to reflect additional effects/impurities."",""enabled"":true},""roundedPotency"":{""$comment"":""Round effect potency to a multiple above a threshold."",""durationMult"":2.0,""durationThreshold"":10.0,""enabled"":true,""magnitudeMult"":2.0,""magnitudeThreshold"":10.0,""overrides"":{""$comment"":""Define setting overrides per alchemy effect."",""Skyrim.esm|0x0003EB15"":{""magnitudeMult"":10.0,""magnitudeThreshold"":50.0},""Skyrim.esm|0x0003EB3D"":{""durationMult"":10.0,""durationThreshold"":20.0}}}}",1.60000002,"Briar Heart [form=0x0003AD61, count=1]; Canis Root [form=0x0006ABCB, count=1]",0xFF0008B0,3,index=0|form_id=0x00073F30|magnitude=10|duration=12|area=0|base_cost=500|flags=0x00400C03,selection=1|form_id=0x0003AD61|name=B;selection=2|form_id=0x0006ABCB|name=C
AP,"Blue Butterfly Wing, Blue Mountain Flower",730,51,0,3,0,0,0,0,0,0,"{""AlchemyIngredientInitMultiplier"":""5"",""AlchemySkillFactor"":""2"",""AlchemyXPMultiplier"":""1"",""DamageHealthDuration"":""0"",""DamageMagickaDuration"":""0"",""DamageStaminaDuration"":""0"",""DisableAllPotionHandling"":""0"",""ImpurePotionProcessing"":""0"",""RestoreEffectsDoNotStack"":""0"",""RestoreHealthDuration"":""0"",""RestoreMagickaDuration"":""0"",""RestoreStaminaDuration"":""0""}","{""copyExemplars"":{""$comment"":""Swap models and names of crafted potions to the nearest exemplar."",""enabled"":true,""exemplars"":[""Skyrim.esm|E3E9A"",""Skyrim.esm|65A72"",""Skyrim.esm|65A3E"",""Skyrim.esm|65A3F"",""Skyrim.esm|65A5A"",""Skyrim.esm|74A29"",""Skyrim.esm|74A23"",""Skyrim.esm|74A2D"",""Skyrim.esm|74A27"",""Skyrim.esm|74A21""]},""impureCostFix"":{""$comment"":""Impurities in mixtures subtract from the cost instead of adding to it."",""enabled"":false},""knownFailureFix"":{""$comment"":""Display known failures in UI between ingredients with all effects known."",""enabled"":true},""mixtureNames"":{""$comment"":""Modify names to reflect additional effects/impurities."",""enabled"":true},""roundedPotency"":{""$comment"":""Round effect potency to a multiple above a threshold."",""durationMult"":2.0,""durationThreshold"":10.0,""enabled"":true,""magnitudeMult"":2.0,""magnitudeThreshold"":10.0,""overrides"":{""$comment"":""Define setting overrides per alchemy effect."",""Skyrim.esm|0x0003EB15"":{""magnitudeMult"":10.0,""magnitudeThreshold"":50.0},""Skyrim.esm|0x0003EB3D"":{""durationMult"":10.0,""durationThreshold"":20.0}}}}",1.60000002,"Blue Butterfly Wing [form=0x000727DE, count=1]; Blue Mountain Flower [form=0x00077E1C, count=1]",0xFF0008B5,3,index=0|form_id=0x00073F2B|magnitude=100|duration=60|area=0|base_cost=0.5|flags=0x00400807;index=1|form_id=0x0003EB25|magnitude=60|duration=60|area=0|base_cost=0.25|flags=0x00200802,selection=1|form_id=0x000727DE|name=B;selection=2|form_id=0x00077E1C|name=B
AP,"Canis Root, Imp Stool",611,51,0,3,0,0,0,0,0,0,"{""AlchemyIngredientInitMultiplier"":""5"",""AlchemySkillFactor"":""2"",""AlchemyXPMultiplier"":""1"",""DamageHealthDuration"":""0"",""DamageMagickaDuration"":""0"",""DamageStaminaDuration"":""0"",""DisableAllPotionHandling"":""0"",""ImpurePotionProcessing"":""0"",""RestoreEffectsDoNotStack"":""0"",""RestoreHealthDuration"":""0"",""RestoreMagickaDuration"":""0"",""RestoreStaminaDuration"":""0""}","{""copyExemplars"":{""$comment"":""Swap models and names of crafted potions to the nearest exemplar."",""enabled"":true,""exemplars"":[""Skyrim.esm|E3E9A"",""Skyrim.esm|65A72"",""Skyrim.esm|65A3E"",""Skyrim.esm|65A3F"",""Skyrim.esm|65A5A"",""Skyrim.esm|74A29"",""Skyrim.esm|74A23"",""Skyrim.esm|74A2D"",""Skyrim.esm|74A27"",""Skyrim.esm|74A21""]},""impureCostFix"":{""$comment"":""Impurities in mixtures subtract from the cost instead of adding to it."",""enabled"":false},""knownFailureFix"":{""$comment"":""Display known failures in UI between ingredients with all effects known."",""enabled"":true},""mixtureNames"":{""$comment"":""Modify names to reflect additional effects/impurities."",""enabled"":true},""roundedPotency"":{""$comment"":""Round effect potency to a multiple above a threshold."",""durationMult"":2.0,""durationThreshold"":10.0,""enabled"":true,""magnitudeMult"":2.0,""magnitudeThreshold"":10.0,""overrides"":{""$comment"":""Define setting overrides per alchemy effect."",""Skyrim.esm|0x0003EB15"":{""magnitudeMult"":10.0,""magnitudeThreshold"":50.0},""Skyrim.esm|0x0003EB3D"":{""durationMult"":10.0,""durationThreshold"":20.0}}}}",1.60000002,"Canis Root [form=0x0006ABCB, count=1]; Imp Stool [form=0x0004DA23, count=1]",0xFF0008B0,3,index=0|form_id=0x00073F30|magnitude=10|duration=12|area=0|base_cost=500|flags=0x00400C03,selection=1|form_id=0x0006ABCB|name=C;selection=2|form_id=0x0004DA23|name=I
AP,"Dragon's Tongue, Fly Amanita",438,51,0,3,0,0,0,0,0,0,"{""AlchemyIngredientInitMultiplier"":""5"",""AlchemySkillFactor"":""2"",""AlchemyXPMultiplier"":""1"",""DamageHealthDuration"":""0"",""DamageMagickaDuration"":""0"",""DamageStaminaDuration"":""0"",""DisableAllPotionHandling"":""0"",""ImpurePotionProcessing"":""0"",""RestoreEffectsDoNotStack"":""0"",""RestoreHealthDuration"":""0"",""RestoreMagickaDuration"":""0"",""RestoreStaminaDuration"":""0""}","{""copyExemplars"":{""$comment"":""Swap models and names of crafted potions to the nearest exemplar."",""enabled"":true,""exemplars"":[""Skyrim.esm|E3E9A"",""Skyrim.esm|65A72"",""Skyrim.esm|65A3E"",""Skyrim.esm|65A3F"",""Skyrim.esm|65A5A"",""Skyrim.esm|74A29"",""Skyrim.esm|74A23"",""Skyrim.esm|74A2D"",""Skyrim.esm|74A27"",""Skyrim.esm|74A21""]},""impureCostFix"":{""$comment"":""Impurities in mixtures subtract from the cost instead of adding to it."",""enabled"":false},""knownFailureFix"":{""$comment"":""Display known failures in UI between ingredients with all effects known."",""enabled"":true},""mixtureNames"":{""$comment"":""Modify names to reflect additional effects/impurities."",""enabled"":true},""roundedPotency"":{""$comment"":""Round effect potency to a multiple above a threshold."",""durationMult"":2.0,""durationThreshold"":10.0,""enabled"":true,""magnitudeMult"":2.0,""magnitudeThreshold"":10.0,""overrides"":{""$comment"":""Define setting overrides per alchemy effect."",""Skyrim.esm|0x0003EB15"":{""magnitudeMult"":10.0,""magnitudeThreshold"":50.0},""Skyrim.esm|0x0003EB3D"":{""durationMult"":10.0,""durationThreshold"":20.0}}}}",1.60000002,"Dragon's Tongue [form=0x000889A2, count=1]; Fly Amanita [form=0x0004DA00, count=1]",0xFF00090B,0,index=0|form_id=0x0003EB1A|magnitude=48|duration=60|area=0|base_cost=0.5|flags=0x00200802;index=1|form_id=0x0003EAEA|magnitude=36|duration=60|area=0|base_cost=0.5|flags=0x00201002,selection=1|form_id=0x000889A2|name=D;selection=2|form_id=0x0004DA00|name=F
AP,"Blisterwort, Wheat",21,100,0,0,0,0,0,0,0,0,"{""AlchemyIngredientInitMultiplier"":""4"",""AlchemySkillFactor"":""1.5"",""AlchemyXPMultiplier"":""1"",""DamageHealthDuration"":""0"",""DamageMagickaDuration"":""0"",""DamageStaminaDuration"":""0"",""DisableAllPotionHandling"":""0"",""ImpurePotionProcessing"":""0"",""RestoreEffectsDoNotStack"":""0"",""RestoreHealthDuration"":""0"",""RestoreMagickaDuration"":""0"",""RestoreStaminaDuration"":""0""}","{""copyExemplars"":{""$comment"":""Swap models and names of crafted potions to the nearest exemplar."",""enabled"":true,""exemplars"":[""Skyrim.esm|E3E9A"",""Skyrim.esm|65A72"",""Skyrim.esm|65A3E"",""Skyrim.esm|65A3F"",""Skyrim.esm|65A5A"",""Skyrim.esm|74A29"",""Skyrim.esm|74A23"",""Skyrim.esm|74A2D"",""Skyrim.esm|74A27"",""Skyrim.esm|74A21""]},""impureCostFix"":{""$comment"":""Impurities in mixtures subtract from the cost instead of adding to it."",""enabled"":true},""knownFailureFix"":{""$comment"":""Display known failures in UI between ingredients with all effects known."",""enabled"":true},""mixtureNames"":{""$comment"":""Modify names to reflect additional effects/impurities."",""enabled"":true},""roundedPotency"":{""$comment"":""Round effect potency to a multiple above a threshold."",""durationMult"":5.0,""durationThreshold"":15.0,""enabled"":true,""magnitudeMult"":5.0,""magnitudeThreshold"":25.0,""overrides"":{""$comment"":""Define setting overrides per alchemy effect.""}}}",1,"Blisterwort [form=0x0004DA25, count=1]; Wheat [form=0x0004B0BA, count=1]",0xFF000881,0,index=0|form_id=0x0003EB15|magnitude=30|duration=0|area=0|base_cost=0.5|flags=0x00200A00,selection=1|form_id=0x0004DA25|name=B;selection=2|form_id=0x0004B0BA|name=W
AP,"Deathbell, River Betty",374,100,0,0,0,0,0,0,0,0,"{""AlchemyIngredientInitMultiplier"":""4"",""AlchemySkillFactor"":""1.5"",""AlchemyXPMultiplier"":""1"",""DamageHealthDuration"":""0"",""DamageMagickaDuration"":""0"",""DamageStaminaDuration"":""0"",""DisableAllPotionHandling"":""0"",""ImpurePotionProcessing"":""0"",""RestoreEffectsDoNotStack"":""0"",""RestoreHealthDuration"":""0"",""RestoreMagickaDuration"":""0"",""RestoreStaminaDuration"":""0""}","{""copyExemplars"":{""$comment"":""Swap models and names of crafted potions to the nearest exemplar."",""enabled"":true,""exemplars"":[""Skyrim.esm|E3E9A"",""Skyrim.esm|65A72"",""Skyrim.esm|65A3E"",""Skyrim.esm|65A3F"",""Skyrim.esm|65A5A"",""Skyrim.esm|74A29"",""Skyrim.esm|74A23"",""Skyrim.esm|74A2D"",""Skyrim.esm|74A27"",""Skyrim.esm|74A21""]},""impureCostFix"":{""$comment"":""Impurities in mixtures subtract from the cost instead of adding to it."",""enabled"":true},""knownFailureFix"":{""$comment"":""Display known failures in UI between ingredients with all effects known."",""enabled"":true},""mixtureNames"":{""$comment"":""Modify names to reflect additional effects/impurities."",""enabled"":true},""roundedPotency"":{""$comment"":""Round effect potency to a multiple above a threshold."",""durationMult"":5.0,""durationThreshold"":15.0,""enabled"":true,""magnitudeMult"":5.0,""magnitudeThreshold"":25.0,""overrides"":{""$comment"":""Define setting overrides per alchemy effect.""}}}",1,"Deathbell [form=0x000516C8, count=1]; River Betty [form=0x00106E1A, count=1]",0xFF00088D,3,index=0|form_id=0x00073F25|magnitude=50|duration=30|area=0|base_cost=1|flags=0x00401807;index=1|form_id=0x0003EB42|magnitude=30|duration=0|area=0|base_cost=3|flags=0x00200805,selection=1|form_id=0x000516C8|name=D;selection=2|form_id=0x00106E1A|name=R
AP,"Garlic, Salt Pile",177,100,0,0,0,0,0,0,0,0,"{""AlchemyIngredientInitMultiplier"":""4"",""AlchemySkillFactor"":""1.5"",""AlchemyXPMultiplier"":""1"",""DamageHealthDuration"":""0"",""DamageMagickaDuration"":""0"",""DamageStaminaDuration"":""0"",""DisableAllPotionHandling"":""0"",""ImpurePotionProcessing"":""0"",""RestoreEffectsDoNotStack"":""0"",""RestoreHealthDuration"":""0"",""RestoreMagickaDuration"":""0"",""RestoreStaminaDuration"":""0""}","{""copyExemplars"":{""$comment"":""Swap models and names of crafted potions to the nearest exemplar."",""enabled"":true,""exemplars"":[""Skyrim.esm|E3E9A"",""Skyrim.esm|65A72"",""Skyrim.esm|65A3E"",""Skyrim.esm|65A3F"",""Skyrim.esm|65A5A"",""Skyrim.esm|74A29"",""Skyrim.esm|74A23"",""Skyrim.esm|74A2D"",""Skyrim.esm|74A27"",""Skyrim.esm|74A21""]},""impureCostFix"":{""$comment"":""Impurities in mixtures subtract from the cost instead of adding to it."",""enabled"":true},""knownFailureFix"":{""$comment"":""Display known failures in UI between ingredients with all effects known."",""enabled"":true},""mixtureNames"":{""$comment"":""Modify names to reflect additional effects/impurities."",""enabled"":true},""roundedPotency"":{""$comment"":""Round effect potency to a multiple above a threshold."",""durationMult"":5.0,""durationThreshold"":15.0,""enabled"":true,""magnitudeMult"":5.0,""magnitudeThreshold"":25.0,""overrides"":{""$comment"":""Define setting overrides per alchemy effect.""}}}",1,"Garlic [form=0x00034D22, count=1]; Salt Pile [form=0x00034CDF, count=1]",0xFF000897,0,index=0|form_id=0x0003EB07|magnitude=30|duration=300|area=0|base_cost=0.100000001|flags=0x00200802,selection=1|form_id=0x00034CDF|name=S;selection=2|form_id=0x00034D22|name=G
AP,"Chaurus Eggs, Luna Moth Wing",221,100,0,0,0,0,0,0,0,0,"{""AlchemyIngredientInitMultiplier"":""4"",""AlchemySkillFactor"":""1.5"",""AlchemyXPMultiplier"":""1"",""DamageHealthDuration"":""0"",""DamageMagickaDuration"":""0"",""DamageStaminaDuration"":""0"",""DisableAllPotionHandling"":""0"",""ImpurePotionProcessing"":""0"",""RestoreEffectsDoNotStack"":""0"",""RestoreHealthDuration"":""0"",""RestoreMagickaDuration"":""0"",""RestoreStaminaDuration"":""0""}","{""copyExemplars"":{""$comment"":""Swap models and names of crafted potions to the nearest exemplar."",""enabled"":true,""exemplars"":[""Skyrim.esm|E3E9A"",""Skyrim.esm|65A72"",""Skyrim.esm|65A3E"",""Skyrim.esm|65A3F"",""Skyrim.esm|65A5A"",""Skyrim.esm|74A29"",""Skyrim.esm|74A23"",""Skyrim.esm|74A2D"",""Skyrim.esm|74A27"",""Skyrim.esm|74A21""]},""impureCostFix"":{""$comment"":""Impurities in mixtures subtract from the cost instead of adding to it."",""enabled"":true},""knownFailureFix"":{""$comment"":""Display known failures in UI between ingredients with all effects known."",""enabled"":true},""mixtureNames"":{""$comment"":""Modify names to reflect additional effects/impurities."",""enabled"":true},""roundedPotency"":{""$comment"":""Round effect potency to a multiple above a threshold."",""durationMult"":5.0,""durationThreshold"":15.0,""enabled"":true,""magnitudeMult"":5.0,""magnitudeThreshold"":25.0,""overrides"":{""$comment"":""Define setting overrides per alchemy effect.""}}}",1,"Chaurus Eggs [form=0x0003AD56, count=1]; Luna Moth Wing [form=0x000727DF, count=1]",0xFF0008A0,221,index=0|form_id=0x0003EB3D|magnitude=0|duration=25|area=0|base_cost=100|flags=0x00401C02;index=1|form_id=0x0003A2B6|magnitude=18|duration=0|area=0|base_cost=2.20000005|flags=0x00200805,selection=1|form_id=0x0003AD56|name=C;selection=2|form_id=0x000727DF|name=L
AP,"Glowing Mushroom, Nightshade",444,100,0,5,1,1,0,0,0,0,"{""AlchemyIngredientInitMultiplier"":""4"",""AlchemySkillFactor"":""1.5"",""AlchemyXPMultiplier"":""1"",""DamageHealthDuration"":""0"",""DamageMagickaDuration"":""0"",""DamageStaminaDuration"":""0"",""DisableAllPotionHandling"":""0"",""ImpurePotionProcessing"":""0"",""RestoreEffectsDoNotStack"":""0"",""RestoreHealthDuration"":""0"",""RestoreMagickaDuration"":""0"",""RestoreStaminaDuration"":""0""}","{""copyExemplars"":{""$comment"":""Swap models and names of crafted potions to the nearest exemplar."",""enabled"":true,""exemplars"":[""Skyrim.esm|E3E9A"",""Skyrim.esm|65A72"",""Skyrim.esm|65A3E"",""Skyrim.esm|65A3F"",""Skyrim.esm|65A5A"",""Skyrim.esm|74A29"",""Skyrim.esm|74A23"",""Skyrim.esm|74A2D"",""Skyrim.esm|74A27"",""Skyrim.esm|74A21""]},""impureCostFix"":{""$comment"":""Impurities in mixtures subtract from the cost instead of adding to it."",""enabled"":true},""knownFailureFix"":{""$comment"":""Display known failures in UI between ingredients with all effects known."",""enabled"":true},""mixtureNames"":{""$comment"":""Modify names to reflect additional effects/impurities."",""enabled"":true},""roundedPotency"":{""$comment"":""Round effect potency to a multiple above a threshold."",""durationMult"":5.0,""durationThreshold"":15.0,""enabled"":true,""magnitudeMult"":5.0,""magnitudeThreshold"":25.0,""overrides"":{""$comment"":""Define setting overrides per alchemy effect.""}}}",2,"Glowing Mushroom [form=0x0007EE01, count=1]; Nightshade [form=0x0002F44C, count=1]",0xFF0008A2,0,index=0|form_id=0x0003EB26|magnitude=80|duration=60|area=0|base_cost=0.5|flags=0x00200802,selection=1|form_id=0x0007EE01|name=G;selection=2|form_id=0x0002F44C|name=N
AP,"Creep Cluster, Mora Tapinella, Scaly Pholiota",1332,100,0,5,1,1,0,0,0,0,"{""AlchemyIngredientInitMultiplier"":""4"",""AlchemySkillFactor"":""1.5"",""AlchemyXPMultiplier"":""1"",""DamageHealthDuration"":""0"",""DamageMagickaDuration"":""0"",""DamageStaminaDuration"":""0"",""DisableAllPotionHandling"":""0"",""ImpurePotionProcessing"":""0"",""RestoreEffectsDoNotStack"":""0"",""RestoreHealthDuration"":""0"",""RestoreMagickaDuration"":""0"",""RestoreStaminaDuration"":""0""}","{""copyExemplars"":{""$comment"":""Swap models and names of crafted potions to the nearest exemplar."",""enabled"":true,""exemplars"":[""Skyrim.esm|E3E9A"",""Skyrim.esm|65A72"",""Skyrim.esm|65A3E"",""Skyrim.esm|65A3F"",""Skyrim.esm|65A5A"",""Skyrim.esm|74A29"",""Skyrim.esm|74A23"",""Skyrim.esm|74A2D"",""Skyrim.esm|74A27"",""Skyrim.esm|74A21""]},""impureCostFix"":{""$comment"":""Impurities in mixtures subtract from the cost instead of adding to it."",""enabled"":true},""knownFailureFix"":{""$comment"":""Display known failures in UI between ingredients with all effects known."",""enabled"":true},""mixtureNames"":{""$comment"":""Modify names to reflect additional effects/impurities."",""enabled"":true},""roundedPotency"":{""$comment"":""Round effect potency to a multiple above a threshold."",""durationMult"":5.0,""durationThreshold"":15.0,""enabled"":true,""magnitudeMult"":5.0,""magnitudeThreshold"":25.0,""overrides"":{""$comment"":""Define setting overrides per alchemy effect.""}}}",2,"Creep Cluster [form=0x000B2183, count=1]; Mora Tapinella [form=0x000EC870, count=1]; Scaly Pholiota [form=0x0006F950, count=1]",0xFF0008DF,1332,index=0|form_id=0x0003EB01|magnitude=60|duration=300|area=0|base_cost=0.150000006|flags=0x00200802;index=1|form_id=0x0003EB08|magnitude=80|duration=300|area=0|base_cost=0.100000001|flags=0x00200802;index=2|form_id=0x0003EB27|magnitude=60|duration=60|area=0|base_cost=0.400000006|flags=0x00200802;index=3|form_id=0x00073F51|magnitude=24|duration=30|area=0|base_cost=1|flags=0x00201007;index=4|form_id=0x0003EB17|magnitude=95|duration=0|area=0|base_cost=0.600000024|flags=0x00200A00,selection=1|form_id=0x000B2183|name=C;selection=2|form_id=0x0006F950|name=S;selection=3|form_id=0x000EC870|name=M
AP,"Giant's Toe, Wheat",991,100,0,5,1,1,0,0,0,0,"{""AlchemyIngredientInitMultiplier"":""4"",""AlchemySkillFactor"":""1.5"",""AlchemyXPMultiplier"":""1"",""DamageHealthDuration"":""0"",""DamageMagickaDuration"":""0"",""DamageStaminaDuration"":""0"",""DisableAllPotionHandling"":""0"",""ImpurePotionProcessing"":""0"",""RestoreEffectsDoNotStack"":""0"",""RestoreHealthDuration"":""0"",""RestoreMagickaDuration"":""0"",""RestoreStaminaDuration"":""0""}","{""copyExemplars"":{""$comment"":""Swap models and names of crafted potions to the nearest exemplar."",""enabled"":true,""exemplars"":[""Skyrim.esm|E3E9A"",""Skyrim.esm|65A72"",""Skyrim.esm|65A3E"",""Skyrim.esm|65A3F"",""Skyrim.esm|65A5A"",""Skyrim.esm|74A29"",""Skyrim.esm|74A23"",""Skyrim.esm|74A2D"",""Skyrim.esm|74A27"",""Skyrim.esm|74A21""]},""impureCostFix"":{""$comment"":""Impurities in mixtures subtract from the cost instead of adding to it."",""enabled"":true},""knownFailureFix"":{""$comment"":""Display known failures in UI between ingredients with all effects known."",""enabled"":true},""mixtureNames"":{""$comment"":""Modify names to reflect additional effects/impurities."",""enabled"":true},""roundedPotency"":{""$comment"":""Round effect potency to a multiple above a threshold."",""durationMult"":5.0,""durationThreshold"":15.0,""enabled"":true,""magnitudeMult"":5.0,""magnitudeThreshold"":25.0,""overrides"":{""$comment"":""Define setting overrides per alchemy effect.""}}}",2,"Giant's Toe [form=0x0003AD64, count=1]; Wheat [form=0x0004B0BA, count=1]",0xFF0008E7,991,index=0|form_id=0x0003EAF3|magnitude=60|duration=300|area=0|base_cost=0.349999994|flags=0x00200802;index=1|form_id=0x00073F2C|magnitude=100|duration=60|area=0|base_cost=0.300000012|flags=0x00400807,selection=1|form_id=0x0003AD64|name=G;selection=2|form_id=0x0004B0BA|name=W
AP,"Abecean Longfin, Cyrodilic Spadetail, Salt Pile",324,100,0,5,1,1,0,0,0,0,"{""AlchemyIngredientInitMultiplier"":""4"",""AlchemySkillFactor"":""1.5"",""AlchemyXPMultiplier"":""1"",""DamageHealthDuration"":""0"",""DamageMagickaDuration"":""0"",""DamageStaminaDuration"":""0"",""DisableAllPotionHandling"":""0"",""ImpurePotionProcessing"":""0"",""RestoreEffectsDoNotStack"":""0"",""RestoreHealthDuration"":""0"",""RestoreMagickaDuration"":""0"",""RestoreStaminaDuration"":""0""}","{""copyExemplars"":{""$comment"":""Swap models and names of crafted potions to the nearest exemplar."",""enabled"":true,""exemplars"":[""Skyrim.esm|E3E9A"",""Skyrim.esm|65A72"",""Skyrim.esm|65A3E"",""Skyrim.esm|65A3F"",""Skyrim.esm|65A5A"",""Skyrim.esm|74A29"",""Skyrim.esm|74A23"",""Skyrim.esm|74A2D"",""Skyrim.esm|74A27"",""Skyrim.esm|74A21""]},""impureCostFix"":{""$comment"":""Impurities in mixtures subtract from the cost instead of adding to it."",""enabled"":true},""knownFailureFix"":{""$comment"":""Display known failures in UI between ingredients with all effects known."",""enabled"":true},""mixtureNames"":{""$comment"":""Modify names to reflect additional effects/impurities."",""enabled"":true},""roundedPotency"":{""$comment"":""Round effect potency to a multiple above a threshold."",""durationMult"":5.0,""durationThreshold"":15.0,""enabled"":true,""magnitudeMult"":5.0,""magnitudeThreshold"":25.0,""overrides"":{""$comment"":""Define setting overrides per alchemy effect.""}}}",2,"Abecean Longfin [form=0x00106E1B, count=1]; Cyrodilic Spadetail [form=0x00106E19, count=1]; Salt Pile [form=0x00034CDF, count=1]",0xFF0008E6,0,index=0|form_id=0x0003EB28|magnitude=60|duration=60|area=0|base_cost=0.5|flags=0x00200802,selection=1|form_id=0x00106E1B|name=A;selection=2|form_id=0x00106E19|name=C;selection=3|form_id=0x00034CDF|name=S
Vanilla,"Blisterwort, Wheat",36,100,0,0,0,0,0,0,0,0,"{""AlchemyIngredientInitMultiplier"":""5"",""AlchemySkillFactor"":""2"",""AlchemyXPMultiplier"":""1"",""DamageHealthDuration"":""0"",""DamageMagickaDuration"":""0"",""DamageStaminaDuration"":""0"",""DisableAllPotionHandling"":""0"",""ImpurePotionProcessing"":""0"",""RestoreEffectsDoNotStack"":""0"",""RestoreHealthDuration"":""0"",""RestoreMagickaDuration"":""0"",""RestoreStaminaDuration"":""0""}",,1,"Blisterwort [form=0x0004DA25, count=1]; Wheat [form=0x0004B0BA, count=1]",0xFF00088D,0,index=0|form_id=0x0003EB15|magnitude=50|duration=0|area=0|base_cost=0.5|flags=0x00200A00,selection=1|form_id=0x0004DA25|name=B;selection=2|form_id=0x0004B0BA|name=W
Vanilla,"Deathbell, River Betty",656,100,0,0,0,0,0,0,0,0,"{""AlchemyIngredientInitMultiplier"":""5"",""AlchemySkillFactor"":""2"",""AlchemyXPMultiplier"":""1"",""DamageHealthDuration"":""0"",""DamageMagickaDuration"":""0"",""DamageStaminaDuration"":""0"",""DisableAllPotionHandling"":""0"",""ImpurePotionProcessing"":""0"",""RestoreEffectsDoNotStack"":""0"",""RestoreHealthDuration"":""0"",""RestoreMagickaDuration"":""0"",""RestoreStaminaDuration"":""0""}",,1,"Deathbell [form=0x000516C8, count=1]; River Betty [form=0x00106E1A, count=1]",0xFF000893,3,index=0|form_id=0x00073F25|magnitude=50|duration=50|area=0|base_cost=1|flags=0x00401807;index=1|form_id=0x0003EB42|magnitude=50|duration=0|area=0|base_cost=3|flags=0x00200805,selection=1|form_id=0x000516C8|name=D;selection=2|form_id=0x00106E1A|name=R
Vanilla,"Blue Butterfly Wing, Blue Mountain Flower",598,100,0,0,0,0,0,0,0,0,"{""AlchemyIngredientInitMultiplier"":""5"",""AlchemySkillFactor"":""2"",""AlchemyXPMultiplier"":""1"",""DamageHealthDuration"":""0"",""DamageMagickaDuration"":""0"",""DamageStaminaDuration"":""0"",""DisableAllPotionHandling"":""0"",""ImpurePotionProcessing"":""0"",""RestoreEffectsDoNotStack"":""0"",""RestoreHealthDuration"":""0"",""RestoreMagickaDuration"":""0"",""RestoreStaminaDuration"":""0""}",,1,"Blue Butterfly Wing [form=0x000727DE, count=1]; Blue Mountain Flower [form=0x00077E1C, count=1]",0xFF000895,3,index=0|form_id=0x00073F2B|magnitude=100|duration=50|area=0|base_cost=0.5|flags=0x00400807;index=1|form_id=0x0003EB25|magnitude=50|duration=60|area=0|base_cost=0.25|flags=0x00200802,selection=1|form_id=0x00077E1C|name=B;selection=2|form_id=0x000727DE|name=B
Vanilla,"Garlic, Salt Pile",311,100,0,0,0,0,0,0,0,0,"{""AlchemyIngredientInitMultiplier"":""5"",""AlchemySkillFactor"":""2"",""AlchemyXPMultiplier"":""1"",""DamageHealthDuration"":""0"",""DamageMagickaDuration"":""0"",""DamageStaminaDuration"":""0"",""DisableAllPotionHandling"":""0"",""ImpurePotionProcessing"":""0"",""RestoreEffectsDoNotStack"":""0"",""RestoreHealthDuration"":""0"",""RestoreMagickaDuration"":""0"",""RestoreStaminaDuration"":""0""}",,1,"Garlic [form=0x00034D22, count=1]; Salt Pile [form=0x00034CDF, count=1]",0xFF000897,0,index=0|form_id=0x0003EB07|magnitude=50|duration=300|area=0|base_cost=0.100000001|flags=0x00200802,selection=1|form_id=0x00034CDF|name=S;selection=2|form_id=0x00034D22|name=G
Vanilla,"Bear Claws, Bee",38,50,0,2,1,0,0,0,0,0,"{""AlchemyIngredientInitMultiplier"":""4"",""AlchemySkillFactor"":""1.5"",""AlchemyXPMultiplier"":""1"",""DamageHealthDuration"":""0"",""DamageMagickaDuration"":""0"",""DamageStaminaDuration"":""0"",""DisableAllPotionHandling"":""0"",""ImpurePotionProcessing"":""0"",""RestoreEffectsDoNotStack"":""0"",""RestoreHealthDuration"":""0"",""RestoreMagickaDuration"":""0"",""RestoreStaminaDuration"":""0""}",,1.39999998,"Bear Claws [form=0x0006BC02, count=1]; Bee [form=0x000A9195, count=1]",0xFF0008A7,0,index=0|form_id=0x0003EB16|magnitude=44|duration=0|area=0|base_cost=0.600000024|flags=0x00200A00,selection=1|form_id=0x0006BC02|name=B;selection=2|form_id=0x000A9195|name=B
Vanilla,"Berit's Ashes, Bone Meal",272,50,0,2,1,0,0,0,0,0,"{""AlchemyIngredientInitMultiplier"":""4"",""AlchemySkillFactor"":""1.5"",""AlchemyXPMultiplier"":""1"",""DamageHealthDuration"":""0"",""DamageMagickaDuration"":""0"",""DamageStaminaDuration"":""0"",""DisableAllPotionHandling"":""0"",""ImpurePotionProcessing"":""0"",""RestoreEffectsDoNotStack"":""0"",""RestoreHealthDuration"":""0"",""RestoreMagickaDuration"":""0"",""RestoreStaminaDuration"":""0""}",,1.39999998,"Berit's Ashes [form=0x000705B7, count=1]; Bone Meal [form=0x00034CDD, count=1]",0xFF0008DC,0,index=0|form_id=0x0003EAEA|magnitude=21|duration=60|area=0|base_cost=0.5|flags=0x00201002;index=1|form_id=0x0003EB25|magnitude=35|duration=60|area=0|base_cost=0.25|flags=0x00200802;index=2|form_id=0x0003A2C6|magnitude=21|duration=0|area=0|base_cost=1.79999995|flags=0x00200805;index=3|form_id=0x00073F23|magnitude=14|duration=10|area=0|base_cost=1.60000002|flags=0x00200807,selection=1|form_id=0x000705B7|name=B;selection=2|form_id=0x00034CDD|name=B
Vanilla,"Hagraven Feathers, Human Heart",190,50,0,2,1,0,0,0,0,0,"{""AlchemyIngredientInitMultiplier"":""4"",""AlchemySkillFactor"":""1.5"",""AlchemyXPMultiplier"":""1"",""DamageHealthDuration"":""0"",""DamageMagickaDuration"":""0"",""DamageStaminaDuration"":""0"",""DisableAllPotionHandling"":""0"",""ImpurePotionProcessing"":""0"",""RestoreEffectsDoNotStack"":""0"",""RestoreHealthDuration"":""0"",""RestoreMagickaDuration"":""0"",""RestoreStaminaDuration"":""0""}",,1.39999998,"Hagraven Feathers [form=0x0003AD66, count=1]; Human Heart [form=0x000B18CD, count=1]",0xFF0008E1,3,index=0|form_id=0x00073F29|magnitude=7|duration=10|area=0|base_cost=15|flags=0x00200907;index=1|form_id=0x0003A2B6|magnitude=21|duration=0|area=0|base_cost=2.20000005|flags=0x00200805,selection=1|form_id=0x0003AD66|name=H;selection=2|form_id=0x000B18CD|name=H
Vanilla,"Luna Moth Wing, Vampire Dust",520,50,0,2,1,0,0,0,0,0,"{""AlchemyIngredientInitMultiplier"":""4"",""AlchemySkillFactor"":""1.5"",""AlchemyXPMultiplier"":""1"",""DamageHealthDuration"":""0"",""DamageMagickaDuration"":""0"",""DamageStaminaDuration"":""0"",""DisableAllPotionHandling"":""0"",""ImpurePotionProcessing"":""0"",""RestoreEffectsDoNotStack"":""0"",""RestoreHealthDuration"":""0"",""RestoreMagickaDuration"":""0"",""RestoreStaminaDuration"":""0""}",,1.39999998,"Luna Moth Wing [form=0x000727DF, count=1]; Vampire Dust [form=0x0003AD76, count=1]",0xFF0008E7,0,index=0|form_id=0x0003EB3D|magnitude=0|duration=28|area=0|base_cost=100|flags=0x00401C02;index=1|form_id=0x0003EB06|magnitude=35|duration=300|area=0|base_cost=0.100000001|flags=0x00200802,selection=1|form_id=0x000727DF|name=L;selection=2|form_id=0x0003AD76|name=V
Vanilla,"Blue Mountain Flower, Wheat",333,100,0,5,1,1,1,1,1,0,"{""AlchemyIngredientInitMultiplier"":""4"",""AlchemySkillFactor"":""1.5"",""AlchemyXPMultiplier"":""1"",""DamageHealthDuration"":""0"",""DamageMagickaDuration"":""0"",""DamageStaminaDuration"":""0"",""DisableAllPotionHandling"":""0"",""ImpurePotionProcessing"":""0"",""RestoreEffectsDoNotStack"":""0"",""RestoreHealthDuration"":""0"",""RestoreMagickaDuration"":""0"",""RestoreStaminaDuration"":""0""}",,2,"Blue Mountain Flower [form=0x00077E1C, count=1]; Wheat [form=0x0004B0BA, count=1]",0xFF0008A0,0,index=0|form_id=0x0003EAF3|magnitude=66|duration=60|area=0|base_cost=0.349999994|flags=0x00200802;index=1|form_id=0x0003EB15|magnitude=103|duration=0|area=0|base_cost=0.5|flags=0x00200A00,selection=1|form_id=0x00077E1C|name=B;selection=2|form_id=0x0004B0BA|name=W
Vanilla,"Blisterwort, Wheat",81,100,0,5,1,1,1,1,1,0,"{""AlchemyIngredientInitMultiplier"":""4"",""AlchemySkillFactor"":""1.5"",""AlchemyXPMultiplier"":""1"",""DamageHealthDuration"":""0"",""DamageMagickaDuration"":""0"",""DamageStaminaDuration"":""0"",""DisableAllPotionHandling"":""0"",""ImpurePotionProcessing"":""0"",""RestoreEffectsDoNotStack"":""0"",""RestoreHealthDuration"":""0"",""RestoreMagickaDuration"":""0"",""RestoreStaminaDuration"":""0""}",,2,"Blisterwort [form=0x0004DA25, count=1]; Wheat [form=0x0004B0BA, count=1]",0xFF0008A3,0,index=0|form_id=0x0003EB15|magnitude=103|duration=0|area=0|base_cost=0.5|flags=0x00200A00,selection=1|form_id=0x0004DA25|name=B;selection=2|form_id=0x0004B0BA|name=W
Vanilla,"Creep Cluster, Giant's Toe, Wheat",2114,100,0,5,1,1,1,1,1,0,"{""AlchemyIngredientInitMultiplier"":""4"",""AlchemySkillFactor"":""1.5"",""AlchemyXPMultiplier"":""1"",""DamageHealthDuration"":""0"",""DamageMagickaDuration"":""0"",""DamageStaminaDuration"":""0"",""DisableAllPotionHandling"":""0"",""ImpurePotionProcessing"":""0"",""RestoreEffectsDoNotStack"":""0"",""RestoreHealthDuration"":""0"",""RestoreMagickaDuration"":""0"",""RestoreStaminaDuration"":""0""}",,2,"Creep Cluster [form=0x000B2183, count=1]; Giant's Toe [form=0x0003AD64, count=1]; Wheat [form=0x0004B0BA, count=1]",0xFF0008A5,0,index=0|form_id=0x0003EAF3|magnitude=66|duration=300|area=0|base_cost=0.349999994|flags=0x00200802;index=1|form_id=0x0003EB01|magnitude=66|duration=300|area=0|base_cost=0.150000006|flags=0x00200802,selection=1|form_id=0x000B2183|name=C;selection=2|form_id=0x0003AD64|name=G;selection=3|form_id=0x0004B0BA|name=W
Vanilla,"Briar Heart, Canis Root",896,100,0,5,1,1,1,1,1,0,"{""AlchemyIngredientInitMultiplier"":""4"",""AlchemySkillFactor"":""1.5"",""AlchemyXPMultiplier"":""1"",""DamageHealthDuration"":""0"",""DamageMagickaDuration"":""0"",""DamageStaminaDuration"":""0"",""DisableAllPotionHandling"":""0"",""ImpurePotionProcessing"":""0"",""RestoreEffectsDoNotStack"":""0"",""RestoreHealthDuration"":""0"",""RestoreMagickaDuration"":""0"",""RestoreStaminaDuration"":""0""}",,2,"Briar Heart [form=0x0003AD61, count=1]; Canis Root [form=0x0006ABCB, count=1]",0xFF0008A8,3,index=0|form_id=0x00073F30|magnitude=10|duration=17|area=0|base_cost=500|flags=0x00400C03,selection=1|form_id=0x0003AD61|name=B;selection=2|form_id=0x0006ABCB|name=C
Vanilla,"Blisterwort, Wheat",14,15,0,0,0,0,0,0,0,0,"{""AlchemyIngredientInitMultiplier"":""4"",""AlchemySkillFactor"":""1.5"",""AlchemyXPMultiplier"":""1"",""DamageHealthDuration"":""0"",""DamageMagickaDuration"":""0"",""DamageStaminaDuration"":""0"",""DisableAllPotionHandling"":""0"",""ImpurePotionProcessing"":""0"",""RestoreEffectsDoNotStack"":""0"",""RestoreHealthDuration"":""0"",""RestoreMagickaDuration"":""0"",""RestoreStaminaDuration"":""0""}",,1,"Blisterwort [form=0x0004DA25, count=1]; Wheat [form=0x0004B0BA, count=1]",0xFF0008AB,0,index=0|form_id=0x0003EB15|magnitude=22|duration=0|area=0|base_cost=0.5|flags=0x00200A00,selection=1|form_id=0x0004DA25|name=B;selection=2|form_id=0x0004B0BA|name=W
Vanilla,"Deathbell, River Betty",265,15,0,0,0,0,0,0,0,0,"{""AlchemyIngredientInitMultiplier"":""4"",""AlchemySkillFactor"":""1.5"",""AlchemyXPMultiplier"":""1"",""DamageHealthDuration"":""0"",""DamageMagickaDuration"":""0"",""DamageStaminaDuration"":""0"",""DisableAllPotionHandling"":""0"",""ImpurePotionProcessing"":""0"",""RestoreEffectsDoNotStack"":""0"",""RestoreHealthDuration"":""0"",""RestoreMagickaDuration"":""0"",""RestoreStaminaDuration"":""0""}",,1,"Deathbell [form=0x000516C8, count=1]; River Betty [form=0x00106E1A, count=1]",0xFF0008C2,3,index=0|form_id=0x00073F25|magnitude=50|duration=22|area=0|base_cost=1|flags=0x00401807;index=1|form_id=0x0003EB42|magnitude=22|duration=0|area=0|base_cost=3|flags=0x00200805,selection=1|form_id=0x000516C8|name=D;selection=2|form_id=0x00106E1A|name=R
Vanilla,"Blue Butterfly Wing, Blue Mountain Flower",242,15,0,0,0,0,0,0,0,0,"{""AlchemyIngredientInitMultiplier"":""4"",""AlchemySkillFactor"":""1.5"",""AlchemyXPMultiplier"":""1"",""DamageHealthDuration"":""0"",""DamageMagickaDuration"":""0"",""DamageStaminaDuration"":""0"",""DisableAllPotionHandling"":""0"",""ImpurePotionProcessing"":""0"",""RestoreEffectsDoNotStack"":""0"",""RestoreHealthDuration"":""0"",""RestoreMagickaDuration"":""0"",""RestoreStaminaDuration"":""0""}",,1,"Blue Butterfly Wing [form=0x000727DE, count=1]; Blue Mountain Flower [form=0x00077E1C, count=1]",0xFF0008F1,3,index=0|form_id=0x00073F2B|magnitude=100|duration=22|area=0|base_cost=0.5|flags=0x00400807;index=1|form_id=0x0003EB25|magnitude=22|duration=60|area=0|base_cost=0.25|flags=0x00200802,selection=1|form_id=0x00077E1C|name=B;selection=2|form_id=0x000727DE|name=B
CACO,"Boar Tusk, Briar Heart",99,100,0,0,0,0,0,0,0,0,"{""AlchemyIngredientInitMultiplier"":""3"",""AlchemySkillFactor"":""3"",""AlchemyXPMultiplier"":""1"",""DamageHealthDuration"":""1"",""DamageMagickaDuration"":""1"",""DamageStaminaDuration"":""1"",""DisableAllPotionHandling"":""1"",""ImpurePotionProcessing"":""0"",""RestoreEffectsDoNotStack"":""1"",""RestoreHealthDuration"":""1"",""RestoreMagickaDuration"":""1"",""RestoreStaminaDuration"":""1""}",,1,"Boar Tusk [form=0x0401CD6F, count=1]; Briar Heart [form=0x0003AD61, count=1]",0xFF00087E,0,index=0|form_id=0x0003EAF3|magnitude=70|duration=60|area=0|base_cost=0.129999995|flags=0x00200802,selection=1|form_id=0x0401CD6F|name=B;selection=2|form_id=0x0003AD61|name=B
CACO,"Creep Cluster, Giant's Toe",196,100,0,0,0,0,0,0,0,0,"{""AlchemyIngredientInitMultiplier"":""3"",""AlchemySkillFactor"":""3"",""AlchemyXPMultiplier"":""1"",""DamageHealthDuration"":""1"",""DamageMagickaDuration"":""1"",""DamageStaminaDuration"":""1"",""DisableAllPotionHandling"":""1"",""ImpurePotionProcessing"":""0"",""RestoreEffectsDoNotStack"":""1"",""RestoreHealthDuration"":""1"",""RestoreMagickaDuration"":""1"",""RestoreStaminaDuration"":""1""}",,1,"Creep Cluster [form=0x000B2183, count=1]; Giant's Toe [form=0x0003AD64, count=1]",0xFF000882,0,index=0|form_id=0x0003EB01|magnitude=42|duration=300|area=0|base_cost=0.0469999984|flags=0x00200802;index=1|form_id=0x00073F2C|magnitude=45|duration=30|area=0|base_cost=0.344999999|flags=0x00200807,selection=1|form_id=0x000B2183|name=C;selection=2|form_id=0x0003AD64|name=G
CACO,"Blisterwort, Wheat",24,100,0,0,0,0,0,0,0,0,"{""AlchemyIngredientInitMultiplier"":""3"",""AlchemySkillFactor"":""3"",""AlchemyXPMultiplier"":""1"",""DamageHealthDuration"":""1"",""DamageMagickaDuration"":""1"",""DamageStaminaDuration"":""1"",""DisableAllPotionHandling"":""1"",""ImpurePotionProcessing"":""0"",""RestoreEffectsDoNotStack"":""1"",""RestoreHealthDuration"":""1"",""RestoreMagickaDuration"":""1"",""RestoreStaminaDuration"":""1""}",,1,"Blisterwort [form=0x0004DA25, count=1]; Wheat [form=0x0004B0BA, count=1]",0xFF00088C,0,index=0|form_id=0x0003EB15|magnitude=8|duration=5|area=0|base_cost=5.30000019|flags=0x00200800,selection=1|form_id=0x0004DA25|name=B;selection=2|form_id=0x0004B0BA|name=W
CACO,"Canis Root, Spider Egg",168,100,0,0,0,0,0,0,0,0,"{""AlchemyIngredientInitMultiplier"":""3"",""AlchemySkillFactor"":""3"",""AlchemyXPMultiplier"":""1"",""DamageHealthDuration"":""1"",""DamageMagickaDuration"":""1"",""DamageStaminaDuration"":""1"",""DisableAllPotionHandling"":""1"",""ImpurePotionProcessing"":""0"",""RestoreEffectsDoNotStack"":""1"",""RestoreHealthDuration"":""1"",""RestoreMagickaDuration"":""1"",""RestoreStaminaDuration"":""1""}",,1,"Canis Root [form=0x0006ABCB, count=1]; Spider Egg [form=0x0009151B, count=1]",0xFF000892,0,index=0|form_id=0x0003EB1B|magnitude=29|duration=60|area=0|base_cost=0.324999988|flags=0x00200802;index=1|form_id=0x0003A2C6|magnitude=25|duration=5|area=0|base_cost=4.5999999|flags=0x00200805,selection=1|form_id=0x0006ABCB|name=C;selection=2|form_id=0x0009151B|name=S
CACO,"Blisterwort, Wheat Extract",52,100,0,0,0,0,0,0,0,0,"{""AlchemyIngredientInitMultiplier"":""3"",""AlchemySkillFactor"":""3"",""AlchemyXPMultiplier"":""1"",""DamageHealthDuration"":""2"",""DamageMagickaDuration"":""2"",""DamageStaminaDuration"":""2"",""DisableAllPotionHandling"":""1"",""ImpurePotionProcessing"":""0"",""RestoreEffectsDoNotStack"":""1"",""RestoreHealthDuration"":""2"",""RestoreMagickaDuration"":""2"",""RestoreStaminaDuration"":""2""}",,1,"Blisterwort [form=0x0004DA25, count=1]; Wheat Extract [form=0x085A46B8, count=1]",0xFF000897,0,index=0|form_id=0x0003EB15|magnitude=8|duration=10|area=0|base_cost=5.30000019|flags=0x00200800,selection=1|form_id=0x0004DA25|name=B;selection=2|form_id=0x085A46B8|name=W
CACO,"Deathbell, River Betty",152,100,0,0,0,0,0,0,0,0,"{""AlchemyIngredientInitMultiplier"":""3"",""AlchemySkillFactor"":""3"",""AlchemyXPMultiplier"":""1"",""DamageHealthDuration"":""2"",""DamageMagickaDuration"":""2"",""DamageStaminaDuration"":""2"",""DisableAllPotionHandling"":""1"",""ImpurePotionProcessing"":""0"",""RestoreEffectsDoNotStack"":""1"",""RestoreHealthDuration"":""2"",""RestoreMagickaDuration"":""2"",""RestoreStaminaDuration"":""2""}",,1,"Deathbell [form=0x000516C8, count=1]; River Betty [form=0x00106E1A, count=1]",0xFF00089F,7,index=0|form_id=0x00073F25|magnitude=50|duration=30|area=0|base_cost=0.300000012|flags=0x00401807;index=1|form_id=0x0003EB42|magnitude=8|duration=10|area=0|base_cost=7.9000001|flags=0x00200805,selection=1|form_id=0x000516C8|name=D;selection=2|form_id=0x00106E1A|name=R
CACO,"Ancestor Moth, Blue Mountain Flower",95,100,0,0,0,0,0,0,0,0,"{""AlchemyIngredientInitMultiplier"":""3"",""AlchemySkillFactor"":""3"",""AlchemyXPMultiplier"":""1"",""DamageHealthDuration"":""2"",""DamageMagickaDuration"":""2"",""DamageStaminaDuration"":""2"",""DisableAllPotionHandling"":""1"",""ImpurePotionProcessing"":""0"",""RestoreEffectsDoNotStack"":""1"",""RestoreHealthDuration"":""2"",""RestoreMagickaDuration"":""2"",""RestoreStaminaDuration"":""2""}",,1,"Ancestor Moth [form=0x020059BA, count=1]; Blue Mountain Flower [form=0x00077E1C, count=1]",0xFF0008DD,0,index=0|form_id=0x0003EB25|magnitude=52|duration=60|area=0|base_cost=0.172000006|flags=0x00200802,selection=1|form_id=0x020059BA|name=A;selection=2|form_id=0x00077E1C|name=B
CACO,"Briar Heart, Ectoplasm",92,100,0,0,0,0,0,0,0,0,"{""AlchemyIngredientInitMultiplier"":""3"",""AlchemySkillFactor"":""3"",""AlchemyXPMultiplier"":""1"",""DamageHealthDuration"":""2"",""DamageMagickaDuration"":""2"",""DamageStaminaDuration"":""2"",""DisableAllPotionHandling"":""1"",""ImpurePotionProcessing"":""0"",""RestoreEffectsDoNotStack"":""1"",""RestoreHealthDuration"":""2"",""RestoreMagickaDuration"":""2"",""RestoreStaminaDuration"":""2""}",,1,"Briar Heart [form=0x0003AD61, count=1]; Ectoplasm [form=0x0003AD63, count=1]",0xFF0008E3,0,index=0|form_id=0x0003EAF8|magnitude=65|duration=60|area=0|base_cost=0.129999995|flags=0x00200802,selection=1|form_id=0x0003AD61|name=B;selection=2|form_id=0x0003AD63|name=E
CACO,"Large Antlers, Roobrush, Slaughterfish Egg",263,100,0,0,0,0,0,0,0,0,"{""AlchemyIngredientInitMultiplier"":""5"",""AlchemySkillFactor"":""2"",""AlchemyXPMultiplier"":""1"",""DamageHealthDuration"":""0"",""DamageMagickaDuration"":""0"",""DamageStaminaDuration"":""0"",""DisableAllPotionHandling"":""1"",""ImpurePotionProcessing"":""0"",""RestoreEffectsDoNotStack"":""1"",""RestoreHealthDuration"":""0"",""RestoreMagickaDuration"":""0"",""RestoreStaminaDuration"":""0""}",,1,"Large Antlers [form=0x0006BC0A, count=1]; Roobrush [form=0x0833A4D0, count=1]; Slaughterfish Egg [form=0x0007E8C5, count=1]",0xFF00087D,7,index=0|form_id=0x0010AA4A|magnitude=2|duration=10|area=0|base_cost=12.3999996|flags=0x00200805;index=1|form_id=0x0003EB20|magnitude=34|duration=60|area=0|base_cost=0.270000011|flags=0x00200802;index=2|form_id=0x0003EAF9|magnitude=56|duration=60|area=0|base_cost=0.129999995|flags=0x00200802;index=3|form_id=0x00073F2C|magnitude=39|duration=30|area=0|base_cost=0.344999999|flags=0x00200807,selection=1|form_id=0x0833A4D0|name=R;selection=2|form_id=0x0007E8C5|name=S;selection=3|form_id=0x0006BC0A|name=L
CACO,"Large Antlers, Roobrush, Slaughterfish Egg",278,100,0,0,0,0,0,0,0,0,"{""AlchemyIngredientInitMultiplier"":""5"",""AlchemySkillFactor"":""2"",""AlchemyXPMultiplier"":""1"",""DamageHealthDuration"":""0"",""DamageMagickaDuration"":""0"",""DamageStaminaDuration"":""0"",""DisableAllPotionHandling"":""1"",""ImpurePotionProcessing"":""0"",""RestoreEffectsDoNotStack"":""1"",""RestoreHealthDuration"":""0"",""RestoreMagickaDuration"":""0"",""RestoreStaminaDuration"":""0""}",,1,"Large Antlers [form=0x0006BC0A, count=1]; Roobrush [form=0x0833A4D0, count=1]; Slaughterfish Egg [form=0x0007E8C5, count=1]",0xFF000886,7,index=0|form_id=0x0010AA4A|magnitude=3|duration=10|area=0|base_cost=12.3999996|flags=0x00200805;index=1|form_id=0x0003EB20|magnitude=34|duration=60|area=0|base_cost=0.270000011|flags=0x00200802;index=2|form_id=0x0003EAF9|magnitude=56|duration=60|area=0|base_cost=0.129999995|flags=0x00200802;index=3|form_id=0x00073F2C|magnitude=39|duration=30|area=0|base_cost=0.344999999|flags=0x00200807,selection=1|form_id=0x0007E8C5|name=S;selection=2|form_id=0x0833A4D0|name=R;selection=3|form_id=0x0006BC0A|name=L
CACO,"Large Antlers, Roobrush, Slaughterfish Egg",263,100,0,0,0,0,0,0,0,0,"{""AlchemyIngredientInitMultiplier"":""5"",""AlchemySkillFactor"":""2"",""AlchemyXPMultiplier"":""1"",""DamageHealthDuration"":""0"",""DamageMagickaDuration"":""0"",""DamageStaminaDuration"":""0"",""DisableAllPotionHandling"":""1"",""ImpurePotionProcessing"":""0"",""RestoreEffectsDoNotStack"":""1"",""RestoreHealthDuration"":""0"",""RestoreMagickaDuration"":""0"",""RestoreStaminaDuration"":""0""}",,1,"Large Antlers [form=0x0006BC0A, count=1]; Roobrush [form=0x0833A4D0, count=1]; Slaughterfish Egg [form=0x0007E8C5, count=1]",0xFF00087D,7,index=0|form_id=0x0010AA4A|magnitude=2|duration=10|area=0|base_cost=12.3999996|flags=0x00200805;index=1|form_id=0x0003EB20|magnitude=34|duration=60|area=0|base_cost=0.270000011|flags=0x00200802;index=2|form_id=0x0003EAF9|magnitude=56|duration=60|area=0|base_cost=0.129999995|flags=0x00200802;index=3|form_id=0x00073F2C|magnitude=39|duration=30|area=0|base_cost=0.344999999|flags=0x00200807,selection=1|form_id=0x0006BC0A|name=L;selection=2|form_id=0x0833A4D0|name=R;selection=3|form_id=0x0007E8C5|name=S
CACO,"Large Antlers, Roobrush, Slaughterfish Egg",278,100,0,0,0,0,0,0,0,0,"{""AlchemyIngredientInitMultiplier"":""5"",""AlchemySkillFactor"":""2"",""AlchemyXPMultiplier"":""1"",""DamageHealthDuration"":""0"",""DamageMagickaDuration"":""0"",""DamageStaminaDuration"":""0"",""DisableAllPotionHandling"":""1"",""ImpurePotionProcessing"":""0"",""RestoreEffectsDoNotStack"":""1"",""RestoreHealthDuration"":""0"",""RestoreMagickaDuration"":""0"",""RestoreStaminaDuration"":""0""}",,1,"Large Antlers [form=0x0006BC0A, count=1]; Roobrush [form=0x0833A4D0, count=1]; Slaughterfish Egg [form=0x0007E8C5, count=1]",0xFF000886,7,index=0|form_id=0x0010AA4A|magnitude=3|duration=10|area=0|base_cost=12.3999996|flags=0x00200805;index=1|form_id=0x0003EB20|magnitude=34|duration=60|area=0|base_cost=0.270000011|flags=0x00200802;index=2|form_id=0x0003EAF9|magnitude=56|duration=60|area=0|base_cost=0.129999995|flags=0x00200802;index=3|form_id=0x00073F2C|magnitude=39|duration=30|area=0|base_cost=0.344999999|flags=0x00200807,selection=1|form_id=0x0006BC0A|name=L;selection=2|form_id=0x0007E8C5|name=S;selection=3|form_id=0x0833A4D0|name=R
CACO,"Large Antlers, Roobrush, Slaughterfish Egg",263,100,0,0,0,0,0,0,0,0,"{""AlchemyIngredientInitMultiplier"":""5"",""AlchemySkillFactor"":""2"",""AlchemyXPMultiplier"":""1"",""DamageHealthDuration"":""0"",""DamageMagickaDuration"":""0"",""DamageStaminaDuration"":""0"",""DisableAllPotionHandling"":""1"",""ImpurePotionProcessing"":""0"",""RestoreEffectsDoNotStack"":""1"",""RestoreHealthDuration"":""0"",""RestoreMagickaDuration"":""0"",""RestoreStaminaDuration"":""0""}",,1,"Large Antlers [form=0x0006BC0A, count=1]; Roobrush [form=0x0833A4D0, count=1]; Slaughterfish Egg [form=0x0007E8C5, count=1]",0xFF00087D,7,index=0|form_id=0x0010AA4A|magnitude=2|duration=10|area=0|base_cost=12.3999996|flags=0x00200805;index=1|form_id=0x0003EB20|magnitude=34|duration=60|area=0|base_cost=0.270000011|flags=0x00200802;index=2|form_id=0x0003EAF9|magnitude=56|duration=60|area=0|base_cost=0.129999995|flags=0x00200802;index=3|form_id=0x00073F2C|magnitude=39|duration=30|area=0|base_cost=0.344999999|flags=0x00200807,selection=1|form_id=0x0833A4D0|name=R;selection=2|form_id=0x0006BC0A|name=L;selection=3|form_id=0x0007E8C5|name=S
CACO,"Large Antlers, Roobrush, Slaughterfish Egg",278,100,0,0,0,0,0,0,0,0,"{""AlchemyIngredientInitMultiplier"":""5"",""AlchemySkillFactor"":""2"",""AlchemyXPMultiplier"":""1"",""DamageHealthDuration"":""0"",""DamageMagickaDuration"":""0"",""DamageStaminaDuration"":""0"",""DisableAllPotionHandling"":""1"",""ImpurePotionProcessing"":""0"",""RestoreEffectsDoNotStack"":""1"",""RestoreHealthDuration"":""0"",""RestoreMagickaDuration"":""0"",""RestoreStaminaDuration"":""0""}",,1,"Large Antlers [form=0x0006BC0A, count=1]; Roobrush [form=0x0833A4D0, count=1]; Slaughterfish Egg [form=0x0007E8C5, count=1]",0xFF000886,7,index=0|form_id=0x0010AA4A|magnitude=3|duration=10|area=0|base_cost=12.3999996|flags=0x00200805;index=1|form_id=0x0003EB20|magnitude=34|duration=60|area=0|base_cost=0.270000011|flags=0x00200802;index=2|form_id=0x0003EAF9|magnitude=56|duration=60|area=0|base_cost=0.129999995|flags=0x00200802;index=3|form_id=0x00073F2C|magnitude=39|duration=30|area=0|base_cost=0.344999999|flags=0x00200807,selection=1|form_id=0x0007E8C5|name=S;selection=2|form_id=0x0006BC0A|name=L;selection=3|form_id=0x0833A4D0|name=R
CACO,"Swamp Fungal Pod, Wheat Extract",48,50,0,3,1,0,0,0,0,0,"{""AlchemyIngredientInitMultiplier"":""3"",""AlchemySkillFactor"":""3"",""AlchemyXPMultiplier"":""1"",""DamageHealthDuration"":""0"",""DamageMagickaDuration"":""0"",""DamageStaminaDuration"":""0"",""DisableAllPotionHandling"":""1"",""ImpurePotionProcessing"":""0"",""RestoreEffectsDoNotStack"":""1"",""RestoreHealthDuration"":""1"",""RestoreMagickaDuration"":""2"",""RestoreStaminaDuration"":""0""}",,1.60000002,"Swamp Fungal Pod [form=0x0007E8B7, count=1]; Wheat Extract [form=0x085A46B8, count=1]",0xFF000884,7,index=0|form_id=0x00073F2B|magnitude=29|duration=30|area=0|base_cost=0.360000014|flags=0x00200807,selection=1|form_id=0x0007E8B7|name=S;selection=2|form_id=0x085A46B8|name=W
CACO,"Mudcrab Chitin, Vampire Dust",45,50,0,3,1,0,0,0,0,0,"{""AlchemyIngredientInitMultiplier"":""3"",""AlchemySkillFactor"":""3"",""AlchemyXPMultiplier"":""1"",""DamageHealthDuration"":""0"",""DamageMagickaDuration"":""0"",""DamageStaminaDuration"":""0"",""DisableAllPotionHandling"":""1"",""ImpurePotionProcessing"":""0"",""RestoreEffectsDoNotStack"":""1"",""RestoreHealthDuration"":""1"",""RestoreMagickaDuration"":""2"",""RestoreStaminaDuration"":""0""}",,1.60000002,"Mudcrab Chitin [form=0x0006BC00, count=1]; Vampire Dust [form=0x0003AD76, count=1]",0xFF000888,0,index=0|form_id=0x000AE722|magnitude=1|duration=0|area=0|base_cost=45|flags=0x00001A00,selection=1|form_id=0x0006BC00|name=M;selection=2|form_id=0x0003AD76|name=V
CACO,"Chaurus Eggs, Vampire Dust",87,50,0,3,1,0,0,0,0,0,"{""AlchemyIngredientInitMultiplier"":""3"",""AlchemySkillFactor"":""3"",""AlchemyXPMultiplier"":""1"",""DamageHealthDuration"":""0"",""DamageMagickaDuration"":""0"",""DamageStaminaDuration"":""0"",""DisableAllPotionHandling"":""1"",""ImpurePotionProcessing"":""0"",""RestoreEffectsDoNotStack"":""1"",""RestoreHealthDuration"":""1"",""RestoreMagickaDuration"":""2"",""RestoreStaminaDuration"":""0""}",,1.60000002,"Chaurus Eggs [form=0x0003AD56, count=1]; Vampire Dust [form=0x0003AD76, count=1]",0xFF0008D7,0,index=0|form_id=0x0003EB3D|magnitude=0|duration=29|area=0|base_cost=27|flags=0x00401C02,selection=1|form_id=0x0003AD56|name=C;selection=2|form_id=0x0003AD76|name=V
CACO,"Dragon's Tongue, Fly Amanita",111,50,0,3,1,0,0,0,0,0,"{""AlchemyIngredientInitMultiplier"":""3"",""AlchemySkillFactor"":""3"",""AlchemyXPMultiplier"":""1"",""DamageHealthDuration"":""0"",""DamageMagickaDuration"":""0"",""DamageStaminaDuration"":""0"",""DisableAllPotionHandling"":""1"",""ImpurePotionProcessing"":""0"",""RestoreEffectsDoNotStack"":""1"",""RestoreHealthDuration"":""1"",""RestoreMagickaDuration"":""2"",""RestoreStaminaDuration"":""0""}",,1.60000002,"Dragon's Tongue [form=0x000889A2, count=1]; Fly Amanita [form=0x0004DA00, count=1]",0xFF0008D8,0,index=0|form_id=0x0003EB1A|magnitude=19|duration=60|area=0|base_cost=0.324999988|flags=0x00200802;index=1|form_id=0x0003EAEA|magnitude=15|duration=60|area=0|base_cost=0.36500001|flags=0x00201002,selection=1|form_id=0x000889A2|name=D;selection=2|form_id=0x0004DA00|name=F
CACO+AP,"Blisterwort, Wheat Extract",55,100,0,0,0,0,0,0,0,0,"{""AlchemyIngredientInitMultiplier"":""3"",""AlchemySkillFactor"":""3"",""AlchemyXPMultiplier"":""1"",""DamageHealthDuration"":""0"",""DamageMagickaDuration"":""0"",""DamageStaminaDuration"":""0"",""DisableAllPotionHandling"":""1"",""ImpurePotionProcessing"":""0"",""RestoreEffectsDoNotStack"":""1"",""RestoreHealthDuration"":""0"",""RestoreMagickaDuration"":""0"",""RestoreStaminaDuration"":""0""}","{""copyExemplars"":{""$comment"":""Swap models and names of crafted potions to the nearest exemplar."",""enabled"":true,""exemplars"":[""Skyrim.esm|E3E9A"",""Skyrim.esm|65A72"",""Skyrim.esm|65A3E"",""Skyrim.esm|65A3F"",""Skyrim.esm|65A5A"",""Skyrim.esm|74A29"",""Skyrim.esm|74A23"",""Skyrim.esm|74A2D"",""Skyrim.esm|74A27"",""Skyrim.esm|74A21""]},""impureCostFix"":{""$comment"":""Impurities in mixtures subtract from the cost instead of adding to it."",""enabled"":true},""knownFailureFix"":{""$comment"":""Display known failures in UI between ingredients with all effects known."",""enabled"":true},""mixtureNames"":{""$comment"":""Modify names to reflect additional effects/impurities."",""enabled"":true},""roundedPotency"":{""$comment"":""Round effect potency to a multiple above a threshold."",""durationMult"":5.0,""durationThreshold"":15.0,""enabled"":true,""magnitudeMult"":5.0,""magnitudeThreshold"":25.0,""overrides"":{""$comment"":""Define setting overrides per alchemy effect.""}}}",1,"Blisterwort [form=0x0004DA25, count=1]; Wheat Extract [form=0x085A46B8, count=1]",0xFF000892,0,index=0|form_id=0x0003EB15|magnitude=85|duration=1|area=0|base_cost=5.30000019|flags=0x00200800,selection=1|form_id=0x0004DA25|name=B;selection=2|form_id=0x085A46B8|name=W
CACO+AP,"Deathbell, River Betty",152,100,0,0,0,0,0,0,0,0,"{""AlchemyIngredientInitMultiplier"":""3"",""AlchemySkillFactor"":""3"",""AlchemyXPMultiplier"":""1"",""DamageHealthDuration"":""0"",""DamageMagickaDuration"":""0"",""DamageStaminaDuration"":""0"",""DisableAllPotionHandling"":""1"",""ImpurePotionProcessing"":""0"",""RestoreEffectsDoNotStack"":""1"",""RestoreHealthDuration"":""0"",""RestoreMagickaDuration"":""0"",""RestoreStaminaDuration"":""0""}","{""copyExemplars"":{""$comment"":""Swap models and names of crafted potions to the nearest exemplar."",""enabled"":true,""exemplars"":[""Skyrim.esm|E3E9A"",""Skyrim.esm|65A72"",""Skyrim.esm|65A3E"",""Skyrim.esm|65A3F"",""Skyrim.esm|65A5A"",""Skyrim.esm|74A29"",""Skyrim.esm|74A23"",""Skyrim.esm|74A2D"",""Skyrim.esm|74A27"",""Skyrim.esm|74A21""]},""impureCostFix"":{""$comment"":""Impurities in mixtures subtract from the cost instead of adding to it."",""enabled"":true},""knownFailureFix"":{""$comment"":""Display known failures in UI between ingredients with all effects known."",""enabled"":true},""mixtureNames"":{""$comment"":""Modify names to reflect additional effects/impurities."",""enabled"":true},""roundedPotency"":{""$comment"":""Round effect potency to a multiple above a threshold."",""durationMult"":5.0,""durationThreshold"":15.0,""enabled"":true,""magnitudeMult"":5.0,""magnitudeThreshold"":25.0,""overrides"":{""$comment"":""Define setting overrides per alchemy effect.""}}}",1,"Deathbell [form=0x000516C8, count=1]; River Betty [form=0x00106E1A, count=1]",0xFF000894,7,index=0|form_id=0x00073F25|magnitude=50|duration=30|area=0|base_cost=0.300000012|flags=0x00401807;index=1|form_id=0x0003EB42|magnitude=80|duration=1|area=0|base_cost=7.9000001|flags=0x00200805,selection=1|form_id=0x000516C8|name=D;selection=2|form_id=0x00106E1A|name=R
CACO+AP,"Ash Creep Cluster, Comberry",62,100,0,0,0,0,0,0,0,0,"{""AlchemyIngredientInitMultiplier"":""3"",""AlchemySkillFactor"":""3"",""AlchemyXPMultiplier"":""1"",""DamageHealthDuration"":""0"",""DamageMagickaDuration"":""0"",""DamageStaminaDuration"":""0"",""DisableAllPotionHandling"":""1"",""ImpurePotionProcessing"":""0"",""RestoreEffectsDoNotStack"":""1"",""RestoreHealthDuration"":""0"",""RestoreMagickaDuration"":""0"",""RestoreStaminaDuration"":""0""}","{""copyExemplars"":{""$comment"":""Swap models and names of crafted potions to the nearest exemplar."",""enabled"":true,""exemplars"":[""Skyrim.esm|E3E9A"",""Skyrim.esm|65A72"",""Skyrim.esm|65A3E"",""Skyrim.esm|65A3F"",""Skyrim.esm|65A5A"",""Skyrim.esm|74A29"",""Skyrim.esm|74A23"",""Skyrim.esm|74A2D"",""Skyrim.esm|74A27"",""Skyrim.esm|74A21""]},""impureCostFix"":{""$comment"":""Impurities in mixtures subtract from the cost instead of adding to it."",""enabled"":true},""knownFailureFix"":{""$comment"":""Display known failures in UI between ingredients with all effects known."",""enabled"":true},""mixtureNames"":{""$comment"":""Modify names to reflect additional effects/impurities."",""enabled"":true},""roundedPotency"":{""$comment"":""Round effect potency to a multiple above a threshold."",""durationMult"":5.0,""durationThreshold"":15.0,""enabled"":true,""magnitudeMult"":5.0,""magnitudeThreshold"":25.0,""overrides"":{""$comment"":""Define setting overrides per alchemy effect.""}}}",1,"Ash Creep Cluster [form=0x0401CD74, count=1]; Comberry [form=0xFE004806, count=1]",0xFF000896,0,index=0|form_id=0x0003EB26|magnitude=20|duration=60|area=0|base_cost=0.324999988|flags=0x00200802,selection=1|form_id=0x0401CD74|name=A;selection=2|form_id=0xFE004806|name=C
CACO+AP,"Aloe Vera, Daedra Heart, Large Antlers",148,100,0,0,0,0,0,0,0,0,"{""AlchemyIngredientInitMultiplier"":""3"",""AlchemySkillFactor"":""3"",""AlchemyXPMultiplier"":""1"",""DamageHealthDuration"":""0"",""DamageMagickaDuration"":""0"",""DamageStaminaDuration"":""0"",""DisableAllPotionHandling"":""1"",""ImpurePotionProcessing"":""0"",""RestoreEffectsDoNotStack"":""1"",""RestoreHealthDuration"":""0"",""RestoreMagickaDuration"":""0"",""RestoreStaminaDuration"":""0""}","{""copyExemplars"":{""$comment"":""Swap models and names of crafted potions to the nearest exemplar."",""enabled"":true,""exemplars"":[""Skyrim.esm|E3E9A"",""Skyrim.esm|65A72"",""Skyrim.esm|65A3E"",""Skyrim.esm|65A3F"",""Skyrim.esm|65A5A"",""Skyrim.esm|74A29"",""Skyrim.esm|74A23"",""Skyrim.esm|74A2D"",""Skyrim.esm|74A27"",""Skyrim.esm|74A21""]},""impureCostFix"":{""$comment"":""Impurities in mixtures subtract from the cost instead of adding to it."",""enabled"":true},""knownFailureFix"":{""$comment"":""Display known failures in UI between ingredients with all effects known."",""enabled"":true},""mixtureNames"":{""$comment"":""Modify names to reflect additional effects/impurities."",""enabled"":true},""roundedPotency"":{""$comment"":""Round effect potency to a multiple above a threshold."",""durationMult"":5.0,""durationThreshold"":15.0,""enabled"":true,""magnitudeMult"":5.0,""magnitudeThreshold"":25.0,""overrides"":{""$comment"":""Define setting overrides per alchemy effect.""}}}",1,"Aloe Vera [form=0x08A100AD, count=1]; Daedra Heart [form=0x0003AD5B, count=1]; Large Antlers [form=0x0006BC0A, count=1]",0xFF000897,0,index=0|form_id=0x0003EB15|magnitude=130|duration=1|area=0|base_cost=5.30000019|flags=0x00200800;index=1|form_id=0x0003EB16|magnitude=100|duration=1|area=0|base_cost=4.69999981|flags=0x00200800,selection=1|form_id=0x08A100AD|name=A;selection=2|form_id=0x0003AD5B|name=D;selection=3|form_id=0x0006BC0A|name=L
CACO+AP,"Blue Mountain Flower, Bog Beacon, Jarrin Root",1674,100,0,4,0,0,0,0,0,0,"{""AlchemyIngredientInitMultiplier"":""4"",""AlchemySkillFactor"":""1.5"",""AlchemyXPMultiplier"":""1"",""DamageHealthDuration"":""0"",""DamageMagickaDuration"":""0"",""DamageStaminaDuration"":""0"",""DisableAllPotionHandling"":""1"",""ImpurePotionProcessing"":""0"",""RestoreEffectsDoNotStack"":""1"",""RestoreHealthDuration"":""0"",""RestoreMagickaDuration"":""0"",""RestoreStaminaDuration"":""0""}","{""copyExemplars"":{""$comment"":""Swap models and names of crafted potions to the nearest exemplar."",""enabled"":true,""exemplars"":[""Skyrim.esm|E3E9A"",""Skyrim.esm|65A72"",""Skyrim.esm|65A3E"",""Skyrim.esm|65A3F"",""Skyrim.esm|65A5A"",""Skyrim.esm|74A29"",""Skyrim.esm|74A23"",""Skyrim.esm|74A2D"",""Skyrim.esm|74A27"",""Skyrim.esm|74A21""]},""impureCostFix"":{""$comment"":""Impurities in mixtures subtract from the cost instead of adding to it."",""enabled"":true},""knownFailureFix"":{""$comment"":""Display known failures in UI between ingredients with all effects known."",""enabled"":true},""mixtureNames"":{""$comment"":""Modify names to reflect additional effects/impurities."",""enabled"":true},""roundedPotency"":{""$comment"":""Round effect potency to a multiple above a threshold."",""durationMult"":5.0,""durationThreshold"":15.0,""enabled"":true,""magnitudeMult"":5.0,""magnitudeThreshold"":25.0,""overrides"":{""$comment"":""Define setting overrides per alchemy effect.""}}}",1.79999995,"Blue Mountain Flower [form=0x00077E1C, count=1]; Bog Beacon [form=0xFE004D6C, count=1]; Jarrin Root [form=0x0001BCBC, count=1]",0xFF00089C,1674,index=0|form_id=0x0003EB42|magnitude=1255|duration=1|area=0|base_cost=7.9000001|flags=0x00200805;index=1|form_id=0x0003A2C6|magnitude=170|duration=1|area=0|base_cost=4.5999999|flags=0x00200805;index=2|form_id=0x0003EB17|magnitude=65|duration=1|area=0|base_cost=4.69999981|flags=0x00200800,selection=1|form_id=0x00077E1C|name=B;selection=2|form_id=0xFE004D6C|name=B;selection=3|form_id=0x0001BCBC|name=J
CACO+AP,"Ash Creep Cluster, Crimson Nirnroot",73,100,0,4,0,0,0,0,0,0,"{""AlchemyIngredientInitMultiplier"":""4"",""AlchemySkillFactor"":""1.5"",""AlchemyXPMultiplier"":""1"",""DamageHealthDuration"":""0"",""DamageMagickaDuration"":""0"",""DamageStaminaDuration"":""0"",""DisableAllPotionHandling"":""1"",""ImpurePotionProcessing"":""0"",""RestoreEffectsDoNotStack"":""1"",""RestoreHealthDuration"":""0"",""RestoreMagickaDuration"":""0"",""RestoreStaminaDuration"":""0""}","{""copyExemplars"":{""$comment"":""Swap models and names of crafted potions to the nearest exemplar."",""enabled"":true,""exemplars"":[""Skyrim.esm|E3E9A"",""Skyrim.esm|65A72"",""Skyrim.esm|65A3E"",""Skyrim.esm|65A3F"",""Skyrim.esm|65A5A"",""Skyrim.esm|74A29"",""Skyrim.esm|74A23"",""Skyrim.esm|74A2D"",""Skyrim.esm|74A27"",""Skyrim.esm|74A21""]},""impureCostFix"":{""$comment"":""Impurities in mixtures subtract from the cost instead of adding to it."",""enabled"":true},""knownFailureFix"":{""$comment"":""Display known failures in UI between ingredients with all effects known."",""enabled"":true},""mixtureNames"":{""$comment"":""Modify names to reflect additional effects/impurities."",""enabled"":true},""roundedPotency"":{""$comment"":""Round effect potency to a multiple above a threshold."",""durationMult"":5.0,""durationThreshold"":15.0,""enabled"":true,""magnitudeMult"":5.0,""magnitudeThreshold"":25.0,""overrides"":{""$comment"":""Define setting overrides per alchemy effect.""}}}",1.79999995,"Ash Creep Cluster [form=0x0401CD74, count=1]; Crimson Nirnroot [form=0x000B701A, count=1]",0xFF0008E0,0,index=0|form_id=0x0003EB3D|magnitude=0|duration=25|area=0|base_cost=27|flags=0x00401C02,selection=1|form_id=0x0401CD74|name=A;selection=2|form_id=0x000B701A|name=C
CACO+AP,"Canis Root, Spider Egg",11,100,0,4,0,0,0,0,0,0,"{""AlchemyIngredientInitMultiplier"":""4"",""AlchemySkillFactor"":""1.5"",""AlchemyXPMultiplier"":""1"",""DamageHealthDuration"":""0"",""DamageMagickaDuration"":""0"",""DamageStaminaDuration"":""0"",""DisableAllPotionHandling"":""1"",""ImpurePotionProcessing"":""0"",""RestoreEffectsDoNotStack"":""1"",""RestoreHealthDuration"":""0"",""RestoreMagickaDuration"":""0"",""RestoreStaminaDuration"":""0""}","{""copyExemplars"":{""$comment"":""Swap models and names of crafted potions to the nearest exemplar."",""enabled"":true,""exemplars"":[""Skyrim.esm|E3E9A"",""Skyrim.esm|65A72"",""Skyrim.esm|65A3E"",""Skyrim.esm|65A3F"",""Skyrim.esm|65A5A"",""Skyrim.esm|74A29"",""Skyrim.esm|74A23"",""Skyrim.esm|74A2D"",""Skyrim.esm|74A27"",""Skyrim.esm|74A21""]},""impureCostFix"":{""$comment"":""Impurities in mixtures subtract from the cost instead of adding to it."",""enabled"":true},""knownFailureFix"":{""$comment"":""Display known failures in UI between ingredients with all effects known."",""enabled"":true},""mixtureNames"":{""$comment"":""Modify names to reflect additional effects/impurities."",""enabled"":true},""roundedPotency"":{""$comment"":""Round effect potency to a multiple above a threshold."",""durationMult"":5.0,""durationThreshold"":15.0,""enabled"":true,""magnitudeMult"":5.0,""magnitudeThreshold"":25.0,""overrides"":{""$comment"":""Define setting overrides per alchemy effect.""}}}",1.79999995,"Canis Root [form=0x0006ABCB, count=1]; Spider Egg [form=0x0009151B, count=1]",0xFF0008E6,11,index=0|form_id=0x0003EB1B|magnitude=19|duration=60|area=0|base_cost=0.324999988|flags=0x00200802;index=1|form_id=0x0003A2C6|magnitude=85|duration=1|area=0|base_cost=4.5999999|flags=0x00200805,selection=1|form_id=0x0006ABCB|name=C;selection=2|form_id=0x0009151B|name=S
CACO+AP,"Dragon's Tongue, Fly Amanita",75,100,0,4,0,0,0,0,0,0,"{""AlchemyIngredientInitMultiplier"":""4"",""AlchemySkillFactor"":""1.5"",""AlchemyXPMultiplier"":""1"",""DamageHealthDuration"":""0"",""DamageMagickaDuration"":""0"",""DamageStaminaDuration"":""0"",""DisableAllPotionHandling"":""1"",""ImpurePotionProcessing"":""0"",""RestoreEffectsDoNotStack"":""1"",""RestoreHealthDuration"":""0"",""RestoreMagickaDuration"":""0"",""RestoreStaminaDuration"":""0""}","{""copyExemplars"":{""$comment"":""Swap models and names of crafted potions to the nearest exemplar."",""enabled"":true,""exemplars"":[""Skyrim.esm|E3E9A"",""Skyrim.esm|65A72"",""Skyrim.esm|65A3E"",""Skyrim.esm|65A3F"",""Skyrim.esm|65A5A"",""Skyrim.esm|74A29"",""Skyrim.esm|74A23"",""Skyrim.esm|74A2D"",""Skyrim.esm|74A27"",""Skyrim.esm|74A21""]},""impureCostFix"":{""$comment"":""Impurities in mixtures subtract from the cost instead of adding to it."",""enabled"":true},""knownFailureFix"":{""$comment"":""Display known failures in UI between ingredients with all effects known."",""enabled"":true},""mixtureNames"":{""$comment"":""Modify names to reflect additional effects/impurities."",""enabled"":true},""roundedPotency"":{""$comment"":""Round effect potency to a multiple above a threshold."",""durationMult"":5.0,""durationThreshold"":15.0,""enabled"":true,""magnitudeMult"":5.0,""magnitudeThreshold"":25.0,""overrides"":{""$comment"":""Define setting overrides per alchemy effect.""}}}",1.79999995,"Dragon's Tongue [form=0x000889A2, count=1]; Fly Amanita [form=0x0004DA00, count=1]",0xFF0008F8,0,index=0|form_id=0x0003EB1A|magnitude=13|duration=60|area=0|base_cost=0.324999988|flags=0x00200802;index=1|form_id=0x0003EAEA|magnitude=11|duration=60|area=0|base_cost=0.36500001|flags=0x00201002,selection=1|form_id=0x000889A2|name=D;selection=2|form_id=0x0004DA00|name=F
CACO+AP,"Boar Tusk, Briar Heart",103,100,0,0,0,0,0,0,0,0,"{""AlchemyIngredientInitMultiplier"":""3"",""AlchemySkillFactor"":""3"",""AlchemyXPMultiplier"":""1"",""DamageHealthDuration"":""1"",""DamageMagickaDuration"":""1"",""DamageStaminaDuration"":""1"",""DisableAllPotionHandling"":""1"",""ImpurePotionProcessing"":""0"",""RestoreEffectsDoNotStack"":""1"",""RestoreHealthDuration"":""1"",""RestoreMagickaDuration"":""1"",""RestoreStaminaDuration"":""1""}","{""copyExemplars"":{""$comment"":""Swap models and names of crafted potions to the nearest exemplar."",""enabled"":true,""exemplars"":[""Skyrim.esm|E3E9A"",""Skyrim.esm|65A72"",""Skyrim.esm|65A3E"",""Skyrim.esm|65A3F"",""Skyrim.esm|65A5A"",""Skyrim.esm|74A29"",""Skyrim.esm|74A23"",""Skyrim.esm|74A2D"",""Skyrim.esm|74A27"",""Skyrim.esm|74A21""]},""impureCostFix"":{""$comment"":""Impurities in mixtures subtract from the cost instead of adding to it."",""enabled"":true},""knownFailureFix"":{""$comment"":""Display known failures in UI between ingredients with all effects known."",""enabled"":true},""mixtureNames"":{""$comment"":""Modify names to reflect additional effects/impurities."",""enabled"":true},""roundedPotency"":{""$comment"":""Round effect potency to a multiple above a threshold."",""durationMult"":2.0,""durationThreshold"":10.0,""enabled"":true,""magnitudeMult"":2.0,""magnitudeThreshold"":10.0,""overrides"":{""$comment"":""Define setting overrides per alchemy effect.""}}}",1,"Boar Tusk [form=0x0401CD6F, count=1]; Briar Heart [form=0x0003AD61, count=1]",0xFF000890,0,index=0|form_id=0x0003EAF3|magnitude=72|duration=60|area=0|base_cost=0.129999995|flags=0x00200802,selection=1|form_id=0x0401CD6F|name=B;selection=2|form_id=0x0003AD61|name=B
CACO+AP,"Creep Cluster, Giant's Toe",49,100,0,0,0,0,0,0,0,0,"{""AlchemyIngredientInitMultiplier"":""3"",""AlchemySkillFactor"":""3"",""AlchemyXPMultiplier"":""1"",""DamageHealthDuration"":""1"",""DamageMagickaDuration"":""1"",""DamageStaminaDuration"":""1"",""DisableAllPotionHandling"":""1"",""ImpurePotionProcessing"":""0"",""RestoreEffectsDoNotStack"":""1"",""RestoreHealthDuration"":""1"",""RestoreMagickaDuration"":""1"",""RestoreStaminaDuration"":""1""}","{""copyExemplars"":{""$comment"":""Swap models and names of crafted potions to the nearest exemplar."",""enabled"":true,""exemplars"":[""Skyrim.esm|E3E9A"",""Skyrim.esm|65A72"",""Skyrim.esm|65A3E"",""Skyrim.esm|65A3F"",""Skyrim.esm|65A5A"",""Skyrim.esm|74A29"",""Skyrim.esm|74A23"",""Skyrim.esm|74A2D"",""Skyrim.esm|74A27"",""Skyrim.esm|74A21""]},""impureCostFix"":{""$comment"":""Impurities in mixtures subtract from the cost instead of adding to it."",""enabled"":true},""knownFailureFix"":{""$comment"":""Display known failures in UI between ingredients with all effects known."",""enabled"":true},""mixtureNames"":{""$comment"":""Modify names to reflect additional effects/impurities."",""enabled"":true},""roundedPotency"":{""$comment"":""Round effect potency to a multiple above a threshold."",""durationMult"":2.0,""durationThreshold"":10.0,""enabled"":true,""magnitudeMult"":2.0,""magnitudeThreshold"":10.0,""overrides"":{""$comment"":""Define setting overrides per alchemy effect.""}}}",1,"Creep Cluster [form=0x000B2183, count=1]; Giant's Toe [form=0x0003AD64, count=1]",0xFF000898,49,index=0|form_id=0x0003EB01|magnitude=44|duration=300|area=0|base_cost=0.0469999984|flags=0x00200802;index=1|form_id=0x00073F2C|magnitude=46|duration=30|area=0|base_cost=0.344999999|flags=0x00200807,selection=1|form_id=0x000B2183|name=C;selection=2|form_id=0x0003AD64|name=G
CACO+AP,"Blue Mountain Flower, Bog Beacon, Jarrin Root",2662,100,0,0,0,0,0,0,0,0,"{""AlchemyIngredientInitMultiplier"":""3"",""AlchemySkillFactor"":""3"",""AlchemyXPMultiplier"":""1"",""DamageHealthDuration"":""1"",""DamageMagickaDuration"":""1"",""DamageStaminaDuration"":""1"",""DisableAllPotionHandling"":""1"",""ImpurePotionProcessing"":""0"",""RestoreEffectsDoNotStack"":""1"",""RestoreHealthDuration"":""1"",""RestoreMagickaDuration"":""1"",""RestoreStaminaDuration"":""1""}","{""copyExemplars"":{""$comment"":""Swap models and names of crafted potions to the nearest exemplar."",""enabled"":true,""exemplars"":[""Skyrim.esm|E3E9A"",""Skyrim.esm|65A72"",""Skyrim.esm|65A3E"",""Skyrim.esm|65A3F"",""Skyrim.esm|65A5A"",""Skyrim.esm|74A29"",""Skyrim.esm|74A23"",""Skyrim.esm|74A2D"",""Skyrim.esm|74A27"",""Skyrim.esm|74A21""]},""impureCostFix"":{""$comment"":""Impurities in mixtures subtract from the cost instead of adding to it."",""enabled"":true},""knownFailureFix"":{""$comment"":""Display known failures in UI between ingredients with all effects known."",""enabled"":true},""mixtureNames"":{""$comment"":""Modify names to reflect additional effects/impurities."",""enabled"":true},""roundedPotency"":{""$comment"":""Round effect potency to a multiple above a threshold."",""durationMult"":2.0,""durationThreshold"":10.0,""enabled"":true,""magnitudeMult"":2.0,""magnitudeThreshold"":10.0,""overrides"":{""$comment"":""Define setting overrides per alchemy effect.""}}}",1,"Blue Mountain Flower [form=0x00077E1C, count=1]; Bog Beacon [form=0xFE004D6C, count=1]; Jarrin Root [form=0x0001BCBC, count=1]",0xFF00089D,2662,index=0|form_id=0x0003EB42|magnitude=376|duration=5|area=0|base_cost=7.9000001|flags=0x00200805;index=1|form_id=0x0003A2C6|magnitude=52|duration=5|area=0|base_cost=4.5999999|flags=0x00200805;index=2|form_id=0x0003EB17|magnitude=20|duration=1|area=0|base_cost=4.69999981|flags=0x00200800,selection=1|form_id=0x00077E1C|name=B;selection=2|form_id=0xFE004D6C|name=B;selection=3|form_id=0x0001BCBC|name=J
CACO+AP,"Ash Creep Cluster, Crimson Nirnroot",110,100,0,0,0,0,0,0,0,0,"{""AlchemyIngredientInitMultiplier"":""3"",""AlchemySkillFactor"":""3"",""AlchemyXPMultiplier"":""1"",""DamageHealthDuration"":""1"",""DamageMagickaDuration"":""1"",""DamageStaminaDuration"":""1"",""DisableAllPotionHandling"":""1"",""ImpurePotionProcessing"":""0"",""RestoreEffectsDoNotStack"":""1"",""RestoreHealthDuration"":""1"",""RestoreMagickaDuration"":""1"",""RestoreStaminaDuration"":""1""}","{""copyExemplars"":{""$comment"":""Swap models and names of crafted potions to the nearest exemplar."",""enabled"":true,""exemplars"":[""Skyrim.esm|E3E9A"",""Skyrim.esm|65A72"",""Skyrim.esm|65A3E"",""Skyrim.esm|65A3F"",""Skyrim.esm|65A5A"",""Skyrim.esm|74A29"",""Skyrim.esm|74A23"",""Skyrim.esm|74A2D"",""Skyrim.esm|74A27"",""Skyrim.esm|74A21""]},""impureCostFix"":{""$comment"":""Impurities in mixtures subtract from the cost instead of adding to it."",""enabled"":true},""knownFailureFix"":{""$comment"":""Display known failures in UI between ingredients with all effects known."",""enabled"":true},""mixtureNames"":{""$comment"":""Modify names to reflect additional effects/impurities."",""enabled"":true},""roundedPotency"":{""$comment"":""Round effect potency to a multiple above a threshold."",""durationMult"":2.0,""durationThreshold"":10.0,""enabled"":true,""magnitudeMult"":2.0,""magnitudeThreshold"":10.0,""overrides"":{""$comment"":""Define setting overrides per alchemy effect.""}}}",1,"Ash Creep Cluster [form=0x0401CD74, count=1]; Crimson Nirnroot [form=0x000B701A, count=1]",0xFF0008A0,0,index=0|form_id=0x0003EB3D|magnitude=0|duration=36|area=0|base_cost=27|flags=0x00401C02,selection=1|form_id=0x0401CD74|name=A;selection=2|form_id=0x000B701A|name=C
CACO+AP,"Blisterwort, Wheat Extract",45,50,0,2,1,1,0,0,0,0,"{""AlchemyIngredientInitMultiplier"":""3"",""AlchemySkillFactor"":""3"",""AlchemyXPMultiplier"":""1"",""DamageHealthDuration"":""2"",""DamageMagickaDuration"":""2"",""DamageStaminaDuration"":""2"",""DisableAllPotionHandling"":""1"",""ImpurePotionProcessing"":""0"",""RestoreEffectsDoNotStack"":""1"",""RestoreHealthDuration"":""2"",""RestoreMagickaDuration"":""2"",""RestoreStaminaDuration"":""2""}","{""copyExemplars"":{""$comment"":""Swap models and names of crafted potions to the nearest exemplar."",""enabled"":true,""exemplars"":[""Skyrim.esm|E3E9A"",""Skyrim.esm|65A72"",""Skyrim.esm|65A3E"",""Skyrim.esm|65A3F"",""Skyrim.esm|65A5A"",""Skyrim.esm|74A29"",""Skyrim.esm|74A23"",""Skyrim.esm|74A2D"",""Skyrim.esm|74A27"",""Skyrim.esm|74A21""]},""impureCostFix"":{""$comment"":""Impurities in mixtures subtract from the cost instead of adding to it."",""enabled"":true},""knownFailureFix"":{""$comment"":""Display known failures in UI between ingredients with all effects known."",""enabled"":true},""mixtureNames"":{""$comment"":""Modify names to reflect additional effects/impurities."",""enabled"":true},""roundedPotency"":{""$comment"":""Round effect potency to a multiple above a threshold."",""durationMult"":2.0,""durationThreshold"":10.0,""enabled"":true,""magnitudeMult"":2.0,""magnitudeThreshold"":10.0,""overrides"":{""$comment"":""Define setting overrides per alchemy effect.""}}}",1.39999998,"Blisterwort [form=0x0004DA25, count=1]; Wheat Extract [form=0x085A46B8, count=1]",0xFF0008D0,0,index=0|form_id=0x0003EB15|magnitude=7|duration=10|area=0|base_cost=5.30000019|flags=0x00200800,selection=1|form_id=0x0004DA25|name=B;selection=2|form_id=0x085A46B8|name=W
CACO+AP,"Deathbell, River Betty",93,50,0,2,1,1,0,0,0,0,"{""AlchemyIngredientInitMultiplier"":""3"",""AlchemySkillFactor"":""3"",""AlchemyXPMultiplier"":""1"",""DamageHealthDuration"":""2"",""DamageMagickaDuration"":""2"",""DamageStaminaDuration"":""2"",""DisableAllPotionHandling"":""1"",""ImpurePotionProcessing"":""0"",""RestoreEffectsDoNotStack"":""1"",""RestoreHealthDuration"":""2"",""RestoreMagickaDuration"":""2"",""RestoreStaminaDuration"":""2""}","{""copyExemplars"":{""$comment"":""Swap models and names of crafted potions to the nearest exemplar."",""enabled"":true,""exemplars"":[""Skyrim.esm|E3E9A"",""Skyrim.esm|65A72"",""Skyrim.esm|65A3E"",""Skyrim.esm|65A3F"",""Skyrim.esm|65A5A"",""Skyrim.esm|74A29"",""Skyrim.esm|74A23"",""Skyrim.esm|74A2D"",""Skyrim.esm|74A27"",""Skyrim.esm|74A21""]},""impureCostFix"":{""$comment"":""Impurities in mixtures subtract from the cost instead of adding to it."",""enabled"":true},""knownFailureFix"":{""$comment"":""Display known failures in UI between ingredients with all effects known."",""enabled"":true},""mixtureNames"":{""$comment"":""Modify names to reflect additional effects/impurities."",""enabled"":true},""roundedPotency"":{""$comment"":""Round effect potency to a multiple above a threshold."",""durationMult"":2.0,""durationThreshold"":10.0,""enabled"":true,""magnitudeMult"":2.0,""magnitudeThreshold"":10.0,""overrides"":{""$comment"":""Define setting overrides per alchemy effect.""}}}",1.39999998,"Deathbell [form=0x000516C8, count=1]; River Betty [form=0x00106E1A, count=1]",0xFF0008D2,7,index=0|form_id=0x00073F25|magnitude=50|duration=20|area=0|base_cost=0.300000012|flags=0x00401807;index=1|form_id=0x0003EB42|magnitude=5|duration=10|area=0|base_cost=7.9000001|flags=0x00200805,selection=1|form_id=0x000516C8|name=D;selection=2|form_id=0x00106E1A|name=R
CACO+AP,"Ash Creep Cluster, Comberry",56,50,0,2,1,1,0,0,0,0,"{""AlchemyIngredientInitMultiplier"":""3"",""AlchemySkillFactor"":""3"",""AlchemyXPMultiplier"":""1"",""DamageHealthDuration"":""2"",""DamageMagickaDuration"":""2"",""DamageStaminaDuration"":""2"",""DisableAllPotionHandling"":""1"",""ImpurePotionProcessing"":""0"",""RestoreEffectsDoNotStack"":""1"",""RestoreHealthDuration"":""2"",""RestoreMagickaDuration"":""2"",""RestoreStaminaDuration"":""2""}","{""copyExemplars"":{""$comment"":""Swap models and names of crafted potions to the nearest exemplar."",""enabled"":true,""exemplars"":[""Skyrim.esm|E3E9A"",""Skyrim.esm|65A72"",""Skyrim.esm|65A3E"",""Skyrim.esm|65A3F"",""Skyrim.esm|65A5A"",""Skyrim.esm|74A29"",""Skyrim.esm|74A23"",""Skyrim.esm|74A2D"",""Skyrim.esm|74A27"",""Skyrim.esm|74A21""]},""impureCostFix"":{""$comment"":""Impurities in mixtures subtract from the cost instead of adding to it."",""enabled"":true},""knownFailureFix"":{""$comment"":""Display known failures in UI between ingredients with all effects known."",""enabled"":true},""mixtureNames"":{""$comment"":""Modify names to reflect additional effects/impurities."",""enabled"":true},""roundedPotency"":{""$comment"":""Round effect potency to a multiple above a threshold."",""durationMult"":2.0,""durationThreshold"":10.0,""enabled"":true,""magnitudeMult"":2.0,""magnitudeThreshold"":10.0,""overrides"":{""$comment"":""Define setting overrides per alchemy effect.""}}}",1.39999998,"Ash Creep Cluster [form=0x0401CD74, count=1]; Comberry [form=0xFE004806, count=1]",0xFF0008F1,0,index=0|form_id=0x0003EB26|magnitude=18|duration=60|area=0|base_cost=0.324999988|flags=0x00200802,selection=1|form_id=0x0401CD74|name=A;selection=2|form_id=0xFE004806|name=C
CACO,"Abecean Longfin, Chokeweed, Tinder Polypore Cap",31,100,0,0,0,0,0,0,0,0,"{""AlchemyIngredientInitMultiplier"":""3.9000001"",""AlchemySkillFactor"":""1"",""AlchemyXPMultiplier"":""1"",""DamageHealthDuration"":""0"",""DamageMagickaDuration"":""0"",""DamageStaminaDuration"":""0"",""DisableAllPotionHandling"":""1"",""ImpurePotionProcessing"":""0"",""RestoreEffectsDoNotStack"":""1"",""RestoreHealthDuration"":""0"",""RestoreMagickaDuration"":""0"",""RestoreStaminaDuration"":""0""}",,1,"Abecean Longfin [form=0x00106E1B, count=1]; Chokeweed [form=0xFE004804, count=1]; Tinder Polypore Cap [form=0x08A1001E, count=1]",0xFF0008E9,0,index=0|form_id=0x0806AE45|magnitude=100|duration=0|area=0|base_cost=0.0149999997|flags=0x00401002;index=1|form_id=0x00073F2E|magnitude=20|duration=30|area=0|base_cost=0.319999993|flags=0x00201007,selection=1|form_id=0x00106E1B|name=A;selection=2|form_id=0xFE004804|name=C;selection=3|form_id=0x08A1001E|name=T
CACO,"Abecean Longfin, Chokeweed, Tinder Polypore Cap",48,55,0,2,1,0,1,0,0,0,"{""AlchemyIngredientInitMultiplier"":""3.20000005"",""AlchemySkillFactor"":""2.79999995"",""AlchemyXPMultiplier"":""1"",""DamageHealthDuration"":""2"",""DamageMagickaDuration"":""2"",""DamageStaminaDuration"":""2"",""DisableAllPotionHandling"":""1"",""ImpurePotionProcessing"":""0"",""RestoreEffectsDoNotStack"":""1"",""RestoreHealthDuration"":""2"",""RestoreMagickaDuration"":""2"",""RestoreStaminaDuration"":""2""}",,1.39999998,"Abecean Longfin [form=0x00106E1B, count=1]; Chokeweed [form=0xFE004804, count=1]; Tinder Polypore Cap [form=0x08A1001E, count=1]",0xFF000895,0,index=0|form_id=0x0806AE45|magnitude=100|duration=1|area=0|base_cost=0.0149999997|flags=0x00401002;index=1|form_id=0x00073F2E|magnitude=32|duration=30|area=0|base_cost=0.319999993|flags=0x00201007,selection=1|form_id=0x00106E1B|name=A;selection=2|form_id=0xFE004804|name=C;selection=3|form_id=0x08A1001E|name=T
